Q1,Q2,Q5,Q6,Q7,Q8,Q9,Q10,Q11,Q12,Q13,Q14,Q15,Q16,Q17,Q18,Q19,Q20,Q21,Q22,Q23,Q24,Q25,Q26,Q27,Q28,Q29,Q30,Q31,Q32,Q33_1,Q33_2,Q33_3,Q33_4,Q33_5,Q33_6,Q33_7,Q33_8,Q33_9,Q33_10,Q33_11,Q33_12,Q33_13,Q33_14,Q33_15,Q33_16,Q33_17,Q33_18,Q33_19,Q33_20,Q33_21,Q33_22,Q33_23,Q33_24,Q33_25,Q33_26,Q33_27,Q33_28,Q33_29,Q33_30,Q34_1,Q34_2,Q34_3,Q34_4,Q34_5,Q34_6,Q34_7,Q34_8,Q34_9,Q34_10,Q34_11,Q34_12,Q34_13,Q34_14,Q34_15,Q34_16,Q34_17,Q34_18,Q34_19,Q34_20,Q34_21,Q34_22,Q34_23,Q34_24,Q34_25,Q34_26,Q34_27,Q34_28,Q34_29,Q34_30,Q34_31,Q34_32,Q34_33,Q34_34,Q34_35,Q34_36,Q34_37,Q34_38,Q34_39,Q34_40,Q34_41,Q34_42,Q34_43,Q34_44,Q34_45,Q34_46,Q34_47,Q34_48,Q34_49,Q34_50,Q34_51,Q34_52,Q34_53,Q34_54,Q34_55,Q34_56,Q34_57,Q34_58,Q34_59
1001,"i first attempted the waiting option since it seems to be slow at first and then after i started to miss the white box, I approached the commit tactic and started to see if there was a pattern to which website will give more. I also tried to pair the books that kept reappearing to the website that gave more but I kept forgetting.",1,1,1,2,2,1,2,2,1,1,2,1,1,2,1,1,1,2,2,1,2,1,2,1,2,2,1,1,3,2,3,3,2,2,3,3,1,2,3,3,2,2,1,1,2,3,2,3,1,2,3,3,2,2,3,3,4,3,2,2,2,2,1,3,1,2,3,3,3,2,2,1,3,2,3,1,2,3,1,1,2,4,3,1,1,2,2,4,2,3,2,4,4,1,1,2,2,4,2,1,1,2,4,2,2,2,3,3,1,3,4,2,3,1,2,1,2
1002,"I started out choosing wait because I felt like it would give me more control. But then, I started missing even though I thought I was hitting, so other times I decided to commit. I usually would commit to the ones that had a larger difference to begin with and choose the one with the higher value to commit to. I would often wait if the two values were close to each other.",1,2,2,2,2,2,2,2,1,2,2,2,1,2,2,2,2,2,2,1,2,2,2,1,2,2,1,2,4,1,2,3,2,3,3,3,4,3,2,4,3,2,4,2,2,1,2,3,1,2,3,3,2,2,3,1,2,3,2,3,1,2,4,2,1,1,2,4,2,3,3,3,4,2,2,1,1,4,3,2,2,1,3,1,2,2,3,4,2,4,2,3,4,2,1,2,4,4,2,3,2,4,3,2,1,2,3,2,1,4,2,4,2,1,1,2,4
1003,"I tried to determine patterns that would indicate whether the price would rise or fall. For example, I noticed that it might have been more common for a price to rise when it was relatively far above the other website. If I wasn't sure which way it would go, I would just choose wait. For example, if the prices were very close together, I would often choose wait.",2,2,2,2,2,1,2,2,1,2,2,2,1,2,2,2,2,2,2,1,2,2,2,2,2,2,2,2,2,3,2,3,3,4,2,3,2,3,3,3,3,2,3,2,3,2,3,3,2,2,2,3,2,3,2,3,3,3,3,3,2,2,4,3,3,2,3,3,2,3,2,2,3,3,3,1,3,2,4,3,2,3,3,2,2,3,2,3,2,3,2,2,4,1,2,3,3,4,2,2,2,2,4,2,2,3,3,2,1,2,3,4,2,1,3,2,3
1004,I chose to wait most of the time due to it being a preference to choose the highest value. I felt I was able to hit the white on time most of the tiime and then choose the highest point value,1,2,1,2,2,1,2,2,1,2,2,1,1,2,2,2,1,2,2,1,2,1,2,1,2,2,1,1,3,3,2,3,1,3,3,3,3,3,2,4,4,2,2,1,2,3,2,2,2,2,3,1,1,3,3,2,3,3,2,3,2,2,3,2,2,2,3,2,1,2,2,1,2,1,1,3,1,2,2,2,2,2,3,4,2,2,2,3,2,2,2,2,2,3,2,2,2,3,2,2,2,3,3,3,3,2,3,2,3,3,2,2,2,3,2,2,3
1005,No,1,1,1,2,2,1,2,2,1,2,2,1,1,2,2,1,1,2,2,1,2,1,2,1,2,2,1,1,2,2,2,1,,2,2,2,2,3,2,2,2,2,2,1,1,1,2,2,1,1,2,1,1,1,2,1,2,3,1,1,2,2,2,2,2,2,2,3,2,2,2,2,1,1,2,3,2,2,2,2,2,2,2,2,2,1,1,1,2,2,1,1,2,2,2,1,1,1,2,2,2,2,2,2,3,3,2,2,2,2,2,3,2,2,3,2,2
1006,"Yes. I chose to almost always wait because even if I committed, there was a 50% chance that I'd choose the website buying the book for cheaper. Therefore, waiting gave me more control (even somewhat) of my result",1,2,2,2,2,1,2,2,1,2,2,2,1,2,2,2,2,2,2,1,2,2,2,2,2,2,1,2,2,1,1,1,1,4,2,3,2,4,1,4,3,1,4,2,2,2,2,4,3,1,2,1,1,3,2,2,4,4,1,4,1,2,4,1,2,3,3,4,1,3,2,2,4,1,4,2,1,4,2,3,2,3,4,4,2,1,3,4,2,3,2,4,4,4,1,2,3,4,2,2,2,4,4,2,4,2,4,3,2,4,2,4,2,3,2,4,4
1007,I mostly committed and chose the one with the higher price,1,2,1,2,2,1,2,2,1,1,2,1,1,2,1,1,1,2,2,1,2,1,2,1,2,2,1,1,3,3,2,1,4,2,1,3,2,2,4,3,3,2,3,2,4,1,4,1,1,2,4,2,2,3,4,3,4,2,3,3,1,2,2,2,2,2,3,2,3,1,1,4,2,2,4,1,2,4,4,1,1,3,3,1,3,1,1,3,1,4,1,4,2,4,1,2,3,2,1,4,1,1,3,2,1,2,4,4,2,3,4,2,1,2,4,2,3
1008,I used commit when there was a greater difference between the two values. I used wait when the values were close to each other. ,2,2,2,2,2,2,2,2,2,2,2,2,2,2,2,2,2,2,2,2,2,2,2,2,2,2,2,2,4,1,1,1,1,1,4,4,4,4,2,4,4,2,4,2,2,1,1,4,2,2,2,2,1,2,2,2,4,4,2,3,2,2,3,1,2,3,3,4,1,2,3,3,4,1,3,4,3,3,3,3,4,1,4,4,2,1,3,4,4,1,1,3,4,4,1,1,2,4,4,1,1,3,4,4,3,1,4,3,3,4,2,3,1,2,3,3,3
1009,"Yes. I chose to commit when last year's prices were drastically different. If the prices were close together, I would choose to wait. ",1,2,2,2,2,1,2,2,1,2,2,1,1,2,2,2,1,2,2,1,2,1,2,1,2,2,1,1,4,1,2,2,1,4,4,4,4,4,2,4,4,1,3,1,2,1,1,4,1,2,3,2,2,4,3,1,4,4,2,4,2,1,4,2,3,1,4,4,1,3,4,1,4,1,4,1,1,4,1,3,2,1,4,3,1,1,3,4,1,1,1,3,4,2,1,1,3,4,2,1,1,4,4,3,2,1,4,3,3,4,2,4,1,1,3,3,3
1010,"I noticed there was a give and take for each new year's price changes, if one seller went up by 3 the other seller would likely go down by 3. With this in mind, I started forming my margins on what I deemed an acceptable win even if what I chose were to drop in price. My margin was usually around 10, so if the difference between the two sellers was greater than 10 I would go with the seller with the larger price for the previous year. Another thing I kept in mind is, since it's books being sold, something popular the previous year is likely to gain popularity the following year.",1,2,1,2,2,1,2,2,1,1,2,1,1,2,1,1,1,2,2,1,2,1,2,1,,2,1,1,2,1,3,2,1,1,4,3,3,3,1,3,2,1,3,3,1,3,2,3,2,1,3,2,3,3,2,1,1,2,2,3,2,1,3,1,3,2,3,4,1,4,2,1,4,1,4,1,2,4,1,4,2,2,4,2,1,1,3,4,3,2,2,4,4,1,1,2,3,4,2,1,1,4,4,2,4,2,3,4,2,4,3,4,1,1,4,4,2
1011,If the value was less than $10 difference I usually chose to commit.,1,2,2,2,2,1,2,2,1,2,2,2,1,2,2,2,1,2,2,1,2,1,2,2,2,2,1,1,4,2,3,4,1,2,4,4,3,3,2,3,4,2,4,1,1,2,2,3,1,3,1,1,1,1,2,2,4,4,2,4,2,1,4,1,3,1,4,4,1,4,4,1,4,1,2,2,1,4,2,2,3,2,4,1,1,2,2,4,1,1,1,3,4,1,1,3,3,4,2,1,1,3,4,2,3,1,4,2,1,2,1,4,1,1,2,2,4
1012,"If the two values were close I would wait because it allowed for me to either see which one had a higher value and engage in a more high-stakes task of pressing space bar, or I would just let it roll the 50/50. For when I committed, it was when the values were drastic enough for the one I would want to choose to have a big difference. (Enough to where they'd average if it was lowered or not)",1,2,1,2,2,1,2,2,1,2,2,1,1,2,2,1,1,1,2,1,2,1,2,1,2,2,1,1,3,3,1,3,3,4,2,3,4,3,2,2,1,2,3,3,3,2,3,2,1,4,1,2,3,3,3,2,1,2,3,2,1,1,2,3,2,1,3,3,3,1,2,3,2,3,3,3,1,3,2,1,2,2,3,1,3,3,3,3,1,2,2,3,3,3,3,2,2,3,2,3,2,2,3,2,2,2,3,2,2,2,4,3,2,3,2,2,3
1013,I chose to always wait.,1,2,1,2,2,1,2,2,1,2,2,2,1,2,2,2,2,2,2,1,2,2,2,1,2,2,1,2,4,1,2,2,1,1,4,3,3,3,3,3,3,1,2,1,1,2,1,3,1,2,1,1,1,1,3,2,3,3,2,4,2,1,4,2,4,2,4,4,1,4,2,1,4,2,4,1,2,4,1,4,2,2,4,2,1,1,4,4,2,2,2,4,4,3,1,2,4,4,4,1,2,4,4,2,3,2,4,4,1,4,2,4,2,3,3,4,4
1014,"If the values were similar, I choose to wait for the new prices. Most of the time, I committed to the seller that sold the book for a higher price the previous year. ",1,2,1,2,2,1,2,2,1,2,2,1,1,2,2,2,1,2,2,1,2,1,2,1,2,2,1,1,2,2,2,1,2,2,3,3,2,3,2,2,3,2,2,2,2,2,2,3,1,2,2,2,1,2,2,2,2,3,2,3,2,2,3,2,2,2,2,3,3,2,2,2,3,1,3,3,3,3,2,2,2,2,3,3,2,1,2,4,2,3,1,3,3,3,2,2,3,3,2,2,2,3,3,4,1,2,3,2,2,3,2,3,1,4,2,2,3
1015,"Decision based on price gap; smaller gaps made me commit, larger gaps made me wait for price changes",1,2,1,2,1,1,2,2,1,1,2,1,1,1,1,1,1,1,2,1,1,1,2,1,2,2,1,1,2,2,1,2,2,2,3,3,3,4,2,4,4,2,3,2,1,2,2,2,2,1,1,2,2,2,3,2,4,4,2,4,2,2,3,2,3,1,4,4,4,4,3,3,4,2,4,2,1,4,3,2,3,2,4,2,2,1,4,4,1,1,1,4,4,2,1,1,2,4,2,2,4,4,4,2,1,1,4,4,1,4,2,3,2,3,2,4,2
1016,"Higher than 50, commit; lower than 50 wait",1,2,1,2,2,1,2,2,1,2,2,2,1,2,2,,2,2,2,1,2,1,2,1,2,2,1,2,2,3,1,3,4,4,1,2,2,2,4,3,3,2,3,1,2,4,2,2,1,2,1,1,1,4,2,4,1,2,2,2,1,1,3,3,3,2,2,3,3,1,4,3,3,2,1,4,2,2,1,2,3,3,3,4,2,2,2,3,3,3,2,2,3,3,2,2,3,3,2,2,2,2,3,3,2,2,3,3,2,3,3,2,2,4,3,2,1
1017,I also used my prior knowledge of familar books as well as the name of the authors to determine whether I was to wait or commit.,1,1,1,2,2,1,2,2,1,1,2,1,1,2,1,1,1,1,2,1,1,1,2,1,1,1,1,1,3,1,2,2,1,3,4,3,2,3,2,3,3,1,2,1,1,2,1,2,1,2,1,1,1,1,1,1,4,3,2,3,3,1,3,2,2,2,3,3,4,3,3,2,3,2,4,2,2,3,1,3,3,3,3,4,1,2,3,4,2,2,2,4,4,4,2,2,2,4,4,1,1,4,4,2,3,2,3,2,1,3,2,3,1,3,2,2,3
1018,I chose to commit when there were higher values associated with a book such as 60+. I chose to wait when both values of the book were close to each other. I also chose to commit when the value of a book was really low to not risk getting an even lower value.,2,2,2,2,2,1,2,2,1,1,2,1,1,2,1,1,1,2,2,1,2,1,2,1,2,2,1,1,3,1,2,2,2,4,4,4,2,4,4,3,4,2,4,1,1,3,2,3,1,1,2,2,2,3,2,4,3,4,2,3,3,1,4,1,1,2,2,4,1,2,3,1,4,1,4,4,3,4,2,4,3,3,4,3,2,1,4,4,2,2,2,4,4,3,1,1,3,4,3,2,1,4,4,4,1,1,4,3,4,4,2,4,1,4,2,4,4
1019,"yes, the strategy was when the prices were <10 close to each other I would wait but if it was greater than 10 then I would commit to the one with the highest price",2,2,2,2,2,2,2,2,2,2,2,2,1,2,2,2,2,2,2,2,2,2,2,2,2,2,2,2,2,1,1,3,2,1,2,3,3,2,2,3,1,2,3,2,2,3,3,2,1,2,3,4,2,2,3,2,2,2,2,4,1,1,3,1,3,1,,4,2,3,2,3,4,2,3,2,3,4,3,4,2,3,4,2,2,2,2,4,2,2,3,4,4,2,2,2,3,4,1,2,3,2,2,2,3,2,4,4,1,4,2,3,2,2,3,4,3
1020,I chose the left option the majority of the time to opt for a 50/50 chance of improving. I only deviated from this strategy when testing if there was a pattern.,1,1,1,2,1,1,1,1,1,1,2,1,1,1,1,1,1,1,2,1,2,1,2,1,2,2,1,1,4,1,3,1,1,3,3,4,3,4,1,4,4,2,3,2,1,2,1,4,1,1,3,1,1,3,2,1,3,4,1,3,4,1,4,1,2,4,3,4,2,2,3,2,4,1,2,4,2,4,1,2,4,2,4,4,2,1,2,4,4,1,1,3,4,4,1,1,2,4,4,1,1,4,4,4,4,2,4,3,3,4,3,3,2,4,2,3,3
1021,"At first, I was randomly picking and try to test out all the different options, but after I decided to just wait since committing was a random chance but with waiting I could try to pick the higher one (and even if I missed), lots of times it would still also give me the higher one by chance.",2,2,2,2,2,1,2,2,1,2,2,2,1,2,2,2,1,2,2,1,2,1,2,1,2,2,1,2,3,2,1,1,1,2,3,3,3,4,2,4,2,1,3,2,1,1,1,3,2,1,2,2,1,2,2,1,3,3,2,4,1,1,4,1,4,4,4,3,1,4,2,1,4,1,4,1,2,3,2,3,3,2,4,1,1,1,4,4,2,1,1,3,4,4,2,2,3,4,2,1,2,4,4,1,2,2,4,3,3,4,3,4,2,3,3,4,4
1022,"Sort of. If i saw a difference greater than 7 or 10 i committed early, otherwise i would wait and see",1,2,2,2,2,1,2,2,1,2,2,1,1,2,2,2,1,2,2,1,2,1,2,1,2,2,1,1,3,2,2,2,2,2,3,2,2,2,1,3,3,3,3,1,3,3,3,2,1,3,1,2,2,3,3,1,3,2,3,3,1,1,2,2,3,2,3,2,3,3,2,2,2,2,3,2,2,3,2,2,2,3,3,3,3,2,2,4,1,3,2,2,4,4,2,2,2,3,3,2,2,2,2,3,2,2,3,2,2,2,3,3,3,2,2,2,2
1023,I always chose to wait,1,2,2,2,2,1,2,2,1,2,2,2,1,2,2,2,1,2,2,1,2,2,2,1,2,2,1,2,4,2,2,1,1,1,4,3,3,2,1,3,3,3,2,2,3,3,1,2,1,2,1,2,2,3,2,1,2,3,2,2,3,1,1,2,3,2,2,2,2,1,3,1,1,2,1,1,1,3,1,1,2,2,4,4,1,2,1,4,3,1,2,1,4,1,1,2,1,2,4,1,1,1,4,4,4,2,4,1,1,4,3,4,1,2,1,2,3
1024,"Big difference = commit, similar prices= wait",1,2,2,2,2,1,2,2,1,2,2,1,1,2,2,2,1,2,2,1,2,1,2,1,2,2,1,1,3,1,2,3,1,2,3,3,3,3,1,3,3,1,2,2,2,2,2,3,1,1,1,1,1,1,2,2,2,3,2,4,2,2,4,1,3,3,3,4,1,4,2,3,4,2,3,2,3,4,2,4,2,2,4,3,2,2,3,3,2,2,2,4,4,3,2,2,3,3,3,2,2,4,3,3,3,2,3,4,2,3,2,3,2,3,3,3,3
1025,i usually looked at how close the numbers were together and then choose to wait if there seemed like there would be a lot of variation,1,2,2,2,2,1,2,2,1,2,2,1,1,2,2,1,1,2,2,1,2,1,2,1,2,2,1,1,2,2,2,1,2,3,2,2,3,2,1,2,2,1,2,3,2,3,2,3,2,2,1,3,2,3,1,2,2,3,2,3,2,2,3,2,3,2,3,3,1,2,2,2,3,1,3,2,2,3,2,2,2,2,3,3,2,2,3,4,2,3,2,3,3,3,2,1,3,3,2,1,2,3,4,3,2,2,3,3,2,3,3,3,2,3,2,3,2
1026,I chose to wait usually unless I felt tired and wanted to try my luck.,1,2,2,2,2,2,2,,2,2,2,2,1,2,2,2,2,2,2,2,2,2,2,2,2,2,1,2,3,2,2,4,4,2,2,3,2,4,2,2,3,4,2,2,4,4,3,2,3,1,3,2,1,2,3,2,1,2,3,4,2,2,3,2,2,2,2,4,3,2,4,2,4,2,1,3,1,3,2,2,3,3,4,4,2,2,3,4,3,2,3,2,4,3,3,2,1,4,3,2,2,3,3,1,2,2,3,3,1,4,3,4,4,3,2,2,2
1027,always chose to wait! (chance to get the better pick rather than relying on luck),1,2,1,2,2,1,2,2,1,2,2,1,1,2,1,1,1,2,2,1,2,1,2,1,2,2,1,1,4,2,2,1,2,4,3,1,1,4,3,4,1,2,4,1,2,1,1,2,1,2,4,1,4,4,2,1,4,2,1,2,4,1,1,3,2,1,2,3,2,2,4,1,3,2,1,1,1,3,2,1,4,4,4,1,2,3,1,1,3,4,3,1,1,1,2,1,1,2,2,3,1,1,1,4,2,3,1,2,2,2,4,3,2,1,1,4,3
1028,"Yes, I used Bayesian Updating in my head to test the probability & the outcome was it was net profitable for me to click the new prices over the commit option. This was in part of having a autoselect baked into the system- so misses would loose less points overall and yet gave the selection control.",1,2,2,2,2,1,2,2,1,2,2,2,1,2,1,1,1,2,2,1,2,1,2,1,2,2,1,2,4,4,3,2,1,4,3,3,3,3,1,4,2,2,4,2,3,4,2,4,2,1,1,4,2,3,3,3,4,4,3,3,1,2,4,3,3,1,3,4,3,3,2,3,3,2,3,1,3,4,2,2,1,2,4,1,2,1,3,4,1,2,1,3,4,2,1,2,4,4,1,2,2,3,4,1,2,1,4,3,1,4,1,3,1,1,3,3,1
1029,"When the experiment was explained I thought of a strategy which was if it was above 75, I would commit considering that it probably wouldn't change as drastically. But all those plans went away the second the experiement started and I realized how much time I had in between - I usually chose to wait cause it was more fun to see if I could press it.",1,2,1,2,2,1,2,2,1,2,2,1,1,2,2,2,1,2,2,1,2,1,2,1,2,2,1,1,3,1,1,1,2,4,3,1,2,4,4,3,4,4,4,2,3,2,3,3,2,1,2,3,1,4,2,4,3,3,2,2,2,1,1,1,3,1,3,2,4,1,2,4,1,3,3,1,3,2,1,4,2,4,1,1,2,2,3,3,1,3,2,4,2,1,2,1,1,3,4,2,1,4,2,1,4,1,4,4,3,2,3,2,1,1,3,4,1
1030,"If the prices are similar, I will choose to wait. If the prices have big differences, I will choose to commit.",1,2,2,,2,1,2,2,1,2,2,2,1,2,2,2,1,2,2,1,2,1,2,1,2,2,1,1,3,2,2,3,2,3,3,2,2,2,3,3,3,2,2,2,2,2,3,3,3,3,3,4,2,3,2,2,2,3,2,3,2,3,2,2,4,3,3,2,2,3,1,1,2,2,1,3,2,2,3,1,3,3,1,1,2,2,2,3,2,2,3,3,4,2,2,2,1,2,2,2,1,3,2,1,3,1,2,4,2,2,3,3,2,2,2,3,3
1031,Honestly I didn't have a real strategy. Just kind of went with my gut each time,1,2,1,2,1,1,2,2,1,1,2,1,1,2,2,2,1,1,2,1,2,1,2,1,2,2,1,1,4,2,4,3,1,4,4,4,3,3,2,4,4,2,3,1,2,2,1,4,1,3,1,1,1,4,2,2,3,4,4,3,2,1,3,1,2,3,3,2,3,1,2,1,3,1,1,4,1,3,1,2,3,2,4,4,1,1,3,4,3,1,1,2,3,4,1,2,1,2,4,1,1,2,4,4,2,1,2,2,4,3,3,3,1,4,1,2,3
1032,"yes, commit when there is a large difference in prices as they tend to average out. Wait for prices with similar values since they tend to have a higher cap",1,2,2,2,2,1,2,2,1,1,2,1,1,2,2,2,1,2,2,1,2,1,2,1,2,2,1,1,3,2,1,2,2,4,4,2,1,4,2,2,4,1,3,1,2,1,2,1,1,1,2,2,1,4,2,1,3,3,1,1,2,2,1,2,3,3,1,2,2,1,2,2,1,1,1,2,1,2,2,1,3,4,2,4,3,1,2,2,3,4,2,4,3,2,2,1,2,1,3,2,1,1,1,1,1,2,1,1,2,2,3,3,1,2,2,1,1
1033,No,1,2,2,2,2,1,2,2,1,2,2,1,1,2,2,2,1,2,2,2,2,2,2,1,2,2,1,2,3,2,2,3,2,2,4,3,3,3,2,3,3,2,3,2,2,2,2,3,1,2,2,2,2,3,2,2,3,4,2,3,2,1,4,2,2,3,3,4,3,2,4,1,4,2,4,4,1,3,2,4,3,2,4,2,1,2,2,4,2,2,2,3,4,2,1,2,2,4,2,1,1,4,3,4,3,2,4,2,2,4,2,3,2,4,2,2,2
1034,based on price (high or low),1,1,1,2,1,1,2,2,1,1,2,1,1,1,1,1,1,1,2,1,1,1,2,1,1,1,1,1,3,1,2,2,1,2,3,3,2,2,3,3,2,2,2,1,3,2,2,3,3,3,3,1,2,2,2,3,3,3,3,3,3,1,3,2,3,2,2,3,2,3,3,1,3,2,2,2,2,3,2,2,3,3,3,2,1,1,2,3,3,1,2,3,3,4,1,2,2,3,3,1,1,3,3,3,2,2,3,2,1,3,2,3,2,2,2,2,3
1035,"Yes, if the difference in points was around 20 I would always commit to the higher number and commit, but if the values were less than 20 points apart I would wait",1,2,2,2,2,1,2,2,1,2,2,2,1,2,2,2,1,2,2,1,2,1,2,1,2,2,1,1,4,2,3,4,1,2,4,4,3,4,2,3,4,1,4,1,2,1,2,4,3,1,2,2,1,2,1,2,4,3,2,4,1,1,4,1,2,1,4,4,4,3,1,2,4,1,3,4,1,4,1,3,3,1,4,1,1,1,3,4,1,3,1,3,4,1,1,2,4,4,1,1,1,4,4,2,4,1,4,2,1,3,2,4,1,1,2,3,4
1037,"When ever the numbers were low, I would chose to wait. When the numbers were around 20-25 or higher I would chose to commit.",1,2,2,2,2,1,2,2,1,1,2,1,1,2,2,2,1,2,2,1,2,1,2,1,2,2,1,1,3,1,2,3,1,4,4,4,2,4,3,4,4,2,4,3,1,2,1,2,2,1,1,1,1,2,3,2,4,3,1,3,3,1,4,1,3,3,3,4,1,3,2,2,4,1,3,2,1,4,1,2,3,2,4,1,2,1,3,4,2,4,1,4,4,2,1,1,4,4,2,2,1,3,4,2,1,1,4,3,1,4,1,4,1,2,2,4,3
1038,I was more likely to commit when there was a large margin between the two offers/if the price was higher,1,2,1,2,2,1,2,2,1,1,2,1,1,2,1,1,1,1,2,1,1,1,2,1,2,2,1,1,4,2,2,2,1,3,3,2,2,3,3,4,3,3,3,2,1,2,2,3,2,1,2,2,2,4,3,2,2,2,2,3,2,2,3,1,2,3,2,3,3,2,3,2,4,1,3,3,2,3,1,3,3,3,2,3,2,1,3,3,3,2,1,2,4,3,1,1,3,3,3,2,1,2,3,2,1,1,3,2,2,2,3,3,1,3,1,3,3
1039,no specific strategy,1,1,1,2,1,1,1,2,1,1,2,1,1,1,1,1,1,1,2,1,1,1,2,1,1,1,1,1,3,2,2,1,2,4,3,2,2,2,2,3,3,2,3,2,2,1,2,2,2,2,1,3,1,4,4,2,2,1,3,2,2,2,1,2,2,2,2,1,2,1,4,2,2,2,1,3,3,3,2,1,2,3,2,2,2,3,1,3,2,1,3,1,4,2,2,2,1,2,3,2,2,1,2,2,4,3,2,1,2,2,3,3,1,1,1,1,3
1040,"In the beginning I thought of using the wait options so I could choose the one with more points. After trying a couple of times I noticed it was tough to get the option I want using the wait option. I noticed when I started to use the commit option, most of the time the one with the higher value ends up with the highest value. Once in a while when I choose the commit option, and I choose the highest, the value decreases but it didn't happen so often so I always went with the commit and highest value option. Then I had a greater chance of getting the books with the most points.",1,2,2,2,2,1,2,2,1,2,2,1,1,2,1,1,1,2,2,1,2,1,2,1,2,2,1,1,4,2,1,2,2,4,4,3,2,3,1,3,1,1,3,1,2,2,1,1,1,2,2,2,1,2,2,3,3,4,1,3,1,1,4,3,3,3,2,4,1,3,2,1,4,1,4,1,2,4,2,2,1,3,4,1,2,2,3,4,2,3,2,3,4,1,1,3,3,4,2,2,2,3,4,1,4,3,4,4,1,4,3,4,2,1,4,3,3
1041,"I generally committed if one price was significantly higher than another, and waited if two prices were very close to each other",1,1,1,2,1,1,2,2,1,1,2,1,1,2,1,1,1,1,2,1,1,1,2,1,1,1,1,1,4,2,2,1,2,3,4,3,3,4,1,4,3,2,4,2,2,2,1,3,1,1,2,2,1,3,3,3,3,3,2,3,3,1,4,1,3,2,3,4,2,3,3,1,4,2,3,2,1,4,2,3,3,2,4,1,1,1,3,4,2,1,1,3,4,2,1,1,3,4,2,1,1,3,3,2,3,1,4,4,1,3,2,4,1,3,3,3,3
1042,"yes, if the difference was more than 7 I would commit, otherwise I would wait",1,2,2,2,2,1,2,2,1,1,2,1,1,2,2,2,1,1,2,1,2,1,2,1,2,2,1,1,3,2,1,1,2,2,3,3,2,3,2,2,3,2,3,2,2,2,2,3,1,2,2,1,1,2,2,2,3,3,2,3,2,2,3,2,2,2,3,3,3,2,4,1,3,2,2,4,2,2,2,3,3,3,3,3,2,2,2,3,2,2,2,3,2,2,2,2,3,3,2,2,1,3,2,4,3,2,3,2,4,3,2,2,2,2,2,2,3
1043,No strategy,1,2,2,2,2,1,2,2,1,1,2,1,1,2,1,1,1,2,2,1,2,1,2,1,2,2,1,1,4,1,3,2,1,3,3,4,3,3,4,4,4,3,2,1,2,2,3,4,2,1,1,2,1,2,2,4,1,4,2,4,1,1,4,1,4,4,4,4,2,2,2,1,4,2,3,1,3,4,2,4,1,2,2,1,1,2,4,4,1,3,1,3,3,4,1,2,4,4,1,1,1,3,4,1,1,1,4,4,4,4,2,4,1,1,2,2,4
1044,I waited for most of them once I realized that hitting the white screen wasn't impossible.,1,2,2,2,2,1,2,2,1,1,2,1,1,2,1,1,1,2,2,1,2,1,2,1,2,2,1,1,3,3,4,2,2,2,3,3,3,4,1,3,3,3,3,2,1,2,1,3,1,1,1,1,1,2,1,1,4,4,2,4,4,1,4,2,4,1,3,4,3,2,1,1,4,2,4,1,1,4,2,2,3,2,4,1,1,1,4,4,2,2,2,4,4,4,2,2,4,4,3,1,1,2,4,2,3,2,4,3,1,4,2,4,3,4,4,3,4
1045,I mostly chose to wait. I anticipated when the white screen would show up,1,2,2,2,2,1,2,2,1,2,2,2,1,2,2,2,1,2,2,1,2,2,2,1,2,2,1,1,3,2,3,4,2,2,4,3,3,4,2,3,3,2,4,2,2,1,2,3,2,2,2,1,2,2,3,2,3,2,2,3,2,2,3,2,2,1,4,2,3,2,1,1,3,2,4,1,1,3,2,4,4,2,3,1,1,2,3,3,3,2,2,2,3,1,1,3,3,3,1,1,2,4,2,1,2,2,3,3,1,,2,3,1,1,3,2,3
1046,yes; I (almost) always chose to wait so that I felt that I had more control over the outcome ,1,2,2,2,2,1,2,2,1,2,2,1,1,2,2,2,1,2,2,1,2,2,2,1,2,2,1,2,3,1,2,3,1,2,2,4,3,4,2,3,3,1,3,2,1,2,2,3,2,1,3,1,1,2,3,2,2,2,2,4,3,1,4,1,4,1,3,4,1,1,1,2,4,1,4,1,2,4,2,4,3,2,4,1,1,1,4,4,2,2,2,4,4,2,1,2,4,4,2,1,2,4,4,1,4,2,3,4,1,4,2,4,1,1,3,4,4
1047,I chose to commit when the difference in prices was 7 or more and I chose to wait when the difference in prices was less than 7.,1,2,2,2,2,1,2,2,1,2,2,1,1,2,2,2,1,2,2,1,2,1,2,1,2,2,1,1,4,1,2,1,1,1,4,4,3,4,3,4,4,1,4,2,1,1,2,4,1,2,3,1,1,3,2,3,4,4,1,4,1,1,4,1,2,2,4,4,4,2,2,1,4,1,4,1,1,2,1,1,2,2,3,2,1,1,2,3,2,2,1,4,4,2,1,1,3,4,2,2,1,4,4,1,2,1,4,4,1,4,2,4,1,1,3,3,4
1048,"Th strategy I used was if the two numbers were close, I would wait to see the new principing. If one of the numbers was signifcantly higher than the other, I would commit with the higher number.",1,2,2,2,2,1,2,2,1,2,2,1,1,2,1,1,1,2,2,1,2,1,2,1,2,2,1,1,4,2,3,2,1,2,2,2,2,2,2,4,4,2,3,1,2,2,2,3,2,4,1,2,2,2,3,2,4,2,2,2,2,1,2,1,1,1,4,2,1,3,1,1,4,2,4,2,1,3,3,2,2,3,2,2,1,1,2,3,1,1,1,3,4,3,1,2,2,3,2,3,2,3,1,3,2,2,2,3,2,3,3,3,1,2,1,2,1
1049,"i would choose wait when value was similar, commit when there was a difference of like 10 pts",1,2,2,2,2,1,2,2,1,2,2,1,1,2,1,1,1,2,2,1,2,1,2,1,2,,1,1,3,2,2,2,1,3,3,2,2,2,2,3,3,3,2,2,3,1,2,2,1,3,2,1,2,3,3,2,2,2,3,2,2,2,1,3,1,2,2,2,3,2,3,3,2,2,1,2,3,3,2,1,3,3,3,4,2,2,1,3,2,4,3,1,3,4,2,2,2,3,2,2,1,1,3,4,1,2,2,1,1,3,4,2,2,4,4,1,3
1050,I estimated the standard deviation between each book value change after the initial 10. Giving me more confidence in committing when the difference equalled 2xSTD estimated,2,2,2,2,2,2,2,2,2,2,2,2,2,2,2,2,2,2,2,2,2,2,2,2,2,2,2,2,3,1,3,4,1,2,3,4,4,4,2,3,1,1,4,1,1,2,1,3,2,1,2,2,1,2,4,2,4,3,3,4,2,1,4,2,3,2,4,4,3,3,1,3,4,1,4,1,3,4,2,3,2,1,4,2,2,1,3,4,2,1,1,4,4,2,1,4,4,4,2,2,2,4,4,2,4,1,4,4,1,3,1,4,1,2,4,3,4
1051,"yes, typically any prices difference greater then 10 I committed, a price difference of 7-9 I went 50/50",1,2,2,2,2,1,2,2,1,2,2,2,1,2,2,2,2,2,2,1,2,2,2,2,2,2,1,2,3,2,3,3,1,2,2,2,1,3,3,3,3,2,4,3,2,1,2,3,1,1,2,1,2,3,2,3,3,3,3,2,2,2,4,2,2,1,2,4,1,2,2,3,4,2,4,3,3,4,2,4,3,3,4,3,2,1,4,4,2,1,2,4,4,1,2,2,4,4,3,2,2,4,4,3,2,2,4,3,1,4,2,4,2,2,3,4,4
1052,"If the difference in prices was >10, I committed, but if it was <10, I waited.",1,2,1,2,2,1,2,2,1,2,2,1,1,2,2,2,1,2,2,1,2,1,2,1,2,2,1,1,4,2,2,2,2,3,4,2,3,3,2,4,3,2,3,2,2,3,2,3,1,3,1,1,1,3,3,2,2,2,2,3,1,1,2,2,1,1,3,3,2,3,2,1,3,2,2,1,2,3,3,2,2,2,3,1,2,1,3,2,1,2,2,3,4,1,3,2,2,3,2,2,2,4,3,1,2,2,3,3,1,3,3,3,1,1,2,3,4
1053,always waited,1,2,2,2,2,1,2,2,1,2,2,2,1,2,2,2,1,2,2,1,2,2,2,2,2,2,2,2,1,3,3,4,3,2,2,4,4,3,3,3,3,3,4,3,3,1,4,3,2,2,4,1,2,1,2,3,4,3,4,2,1,1,3,2,4,4,4,4,4,4,1,2,4,3,3,1,2,3,4,4,1,1,3,1,2,2,3,4,2,2,2,2,4,2,1,4,3,4,1,2,3,3,4,1,4,2,4,3,1,4,1,4,4,1,4,3,4
1054,"Yes, when the prices were very close, I chose to wait since it was harder to gauge which direction the prices would go. but the price fluctuations were also very unpredictable and seemingly not constant, so I later on chose to commit when there was a bigger difference between the two sellers since it seemed to increase with the seller with a visibly higher difference initially (>15), but not 100% sure",1,2,2,2,2,2,2,2,1,2,2,2,1,2,2,2,2,2,2,1,2,2,2,2,2,2,1,2,4,2,1,1,2,4,4,2,1,3,3,4,3,3,4,1,2,3,2,2,3,1,1,2,1,4,3,3,3,3,2,1,1,2,3,2,2,1,2,3,3,2,1,1,3,1,2,2,3,3,1,1,2,4,3,2,3,2,3,4,1,3,1,3,4,1,3,2,2,3,3,3,2,3,3,1,1,1,3,2,1,3,3,2,1,1,2,2,3
1055,I decided to wait every time,1,2,2,2,2,1,2,2,1,2,2,1,1,2,2,2,1,2,2,1,2,1,2,2,2,2,1,2,3,2,2,3,2,3,2,3,3,3,2,3,2,3,2,3,3,2,2,3,1,3,2,2,2,4,4,1,3,2,3,2,2,2,2,2,2,2,3,2,2,3,3,2,2,2,3,3,2,3,2,2,2,1,3,4,2,2,2,3,2,1,2,2,2,4,1,3,1,3,2,2,2,2,2,4,1,2,3,2,3,2,2,2,2,2,1,2,2
1056,Price Difference,1,2,1,2,2,1,2,2,1,2,2,1,1,2,2,1,1,1,2,1,2,1,2,1,2,2,1,1,2,3,3,2,3,4,3,3,2,1,2,3,2,2,4,2,3,1,2,1,1,4,2,1,2,4,1,2,1,4,2,3,1,1,4,3,4,1,4,4,1,3,1,1,4,2,4,1,1,4,1,3,2,4,4,2,1,3,3,4,2,2,2,2,4,4,1,1,3,4,3,2,2,3,4,3,3,2,4,1,1,4,3,4,2,1,4,2,4
1057,I chose to wait when prices were closer and to commit when there was a larger gap.,1,2,2,2,2,1,2,2,1,2,2,1,1,2,2,2,1,2,2,1,2,1,2,1,2,2,1,1,4,2,4,3,2,2,4,3,3,4,1,3,4,2,3,2,3,1,2,3,2,2,1,4,1,4,1,1,4,4,2,3,1,1,3,2,4,1,3,4,2,3,2,2,4,2,4,1,2,3,2,4,2,2,3,1,2,2,3,4,1,2,1,3,4,1,2,2,3,4,1,2,2,3,4,1,2,2,3,4,1,3,3,2,3,2,3,3,2
1058,no,2,2,2,2,2,2,2,2,2,2,2,2,2,2,2,2,2,2,2,2,2,2,2,2,2,2,2,2,3,2,2,2,3,1,3,2,2,3,3,4,1,2,2,1,1,2,1,3,1,1,1,2,1,,2,3,3,3,1,3,1,1,4,1,2,2,1,4,2,3,1,2,4,1,4,2,1,4,1,4,3,3,4,2,2,1,3,4,1,2,1,3,4,3,2,1,3,4,3,1,1,3,4,1,2,1,4,3,1,4,2,4,1,2,2,4,4
1059,I knew I would have the best chance of getting the bigger amount of points if I waited to see the new prices. If there were more points than I would usually wait. I committed more often at smaller amounts.,1,2,1,2,2,1,2,2,1,1,2,1,1,2,2,1,1,1,2,1,1,1,2,1,2,2,1,1,2,2,3,3,2,3,2,3,2,3,1,4,1,2,3,1,2,3,2,4,1,2,3,1,1,3,2,2,2,4,3,3,2,2,4,2,2,1,3,4,1,3,2,2,4,1,1,1,3,2,2,1,2,3,2,2,2,2,2,4,2,2,1,2,3,3,2,3,4,4,2,2,1,3,3,2,1,2,2,1,1,3,3,2,1,2,2,2,2
1060,"yes, choose the site with the highest price",1,2,1,2,1,1,2,2,1,1,2,1,1,2,1,1,1,1,2,1,2,1,2,1,2,2,1,1,4,2,3,2,1,2,3,3,3,4,2,3,1,1,3,2,2,1,2,3,3,3,1,4,4,3,2,2,3,4,2,3,2,2,4,1,4,1,2,3,1,2,3,1,4,2,3,2,1,4,2,3,3,2,3,2,2,1,3,3,1,1,2,3,3,2,1,2,2,3,2,1,2,4,3,1,4,2,4,4,1,3,1,3,1,1,2,2,3
1061,"If the numbers are close to each other, I waited. If the numbers were far from each other, I committed.",2,2,2,2,2,2,2,2,2,2,2,2,2,2,2,2,2,2,2,2,2,2,2,2,2,2,2,2,4,1,2,1,1,3,3,4,3,3,2,3,3,1,4,2,2,1,2,4,3,1,1,3,1,2,2,2,4,4,2,4,2,1,2,1,4,2,4,3,1,3,2,1,3,1,4,3,1,3,1,2,2,1,4,2,1,1,4,4,2,1,1,4,3,1,1,1,4,4,3,1,1,4,4,2,4,1,2,4,3,4,1,3,1,3,2,4,2
1062,Yes. I would wait if the books had a lower value and commit if the value was initially higher,2,2,2,2,2,1,2,2,1,2,2,1,1,2,1,2,1,1,2,1,2,1,2,1,2,2,1,1,2,1,3,3,2,4,4,2,3,4,3,2,4,1,2,2,3,3,3,2,2,3,1,2,1,3,2,3,2,3,2,3,1,2,1,2,2,1,3,2,3,3,2,2,2,3,2,1,3,1,2,2,1,2,2,1,2,3,1,2,1,2,3,1,2,4,2,2,1,2,1,1,3,2,1,1,2,3,2,1,4,2,3,3,2,1,1,2,1
1063,"If the two values were close I would wait for the new prices, I would commit if there was a big difference. ",1,2,2,2,2,1,2,2,1,2,2,1,1,2,2,2,1,2,2,1,2,1,2,1,2,2,1,1,4,2,3,2,1,1,4,4,3,3,1,4,4,2,3,1,1,2,2,4,1,1,2,2,1,2,2,1,4,4,3,4,2,1,3,1,3,3,4,3,1,4,1,2,3,1,4,1,1,3,2,4,2,1,3,1,1,1,4,4,2,1,1,3,3,3,2,2,3,3,2,1,2,3,3,1,4,2,4,3,2,3,2,3,2,2,3,3,3
1065,no,1,2,1,2,2,1,2,2,1,2,2,1,1,2,2,1,1,2,2,1,2,1,2,1,2,2,1,1,3,1,1,1,1,3,4,3,3,4,2,4,3,1,4,1,1,1,1,3,1,2,2,3,1,2,1,2,3,4,2,3,3,1,3,1,1,3,4,3,1,3,4,1,3,1,3,3,1,3,1,3,4,3,4,2,2,1,2,4,3,2,1,2,4,2,1,1,2,3,3,2,1,3,4,3,1,1,3,2,1,3,2,3,1,2,2,3,3
1066,"If the prices range in more than $10, then I choose to wait, otherwise I just pick the higher value.",1,2,2,2,2,2,2,2,1,2,2,1,1,2,2,2,1,2,2,1,2,1,2,1,2,2,1,2,4,2,1,1,1,3,4,4,4,4,1,4,4,2,3,1,2,1,2,4,2,3,1,1,3,3,1,1,3,4,1,3,3,1,4,2,2,3,4,4,2,4,2,1,3,1,1,4,1,3,1,1,3,1,4,4,1,1,2,4,4,2,2,1,3,4,1,1,3,3,2,1,1,3,4,4,3,1,4,2,4,4,2,3,2,4,2,2,3
1067,"When the prices were drastically different I would commit, but when they were closer together in price I would wait.",1,2,2,2,2,1,2,2,1,2,,2,1,2,2,2,1,2,2,1,2,1,2,1,2,2,1,2,3,2,2,3,2,3,3,3,3,4,1,3,2,2,3,1,2,3,2,3,2,2,3,2,1,2,2,1,2,3,2,3,1,1,2,1,3,1,3,3,1,4,4,1,3,1,2,4,2,3,1,2,2,2,3,1,2,1,2,4,2,3,2,3,4,3,2,2,2,4,1,2,1,3,3,2,1,2,3,2,1,3,3,3,1,2,1,3,3
1068,If there was a significant difference in values in each book I would commit if not then wait.,2,2,2,2,2,1,2,2,1,1,2,1,1,2,1,1,1,1,2,1,1,1,2,1,2,2,1,1,3,1,2,4,1,2,3,3,3,3,2,3,3,1,4,2,2,1,2,3,1,2,1,3,2,2,1,1,2,3,3,3,1,1,4,2,3,1,4,4,3,3,1,2,3,2,4,1,1,3,2,4,3,2,4,1,2,2,3,4,1,1,2,3,4,1,1,2,3,4,3,2,2,4,4,1,4,3,4,3,1,4,2,4,2,1,3,3,3
1069,always wait to commit to get the higher point,2,2,2,2,2,2,2,2,2,2,2,2,2,2,2,2,2,2,2,2,2,2,2,2,2,2,2,2,4,2,1,4,2,2,4,4,2,4,1,2,2,2,4,1,1,1,1,4,1,1,2,1,4,4,4,1,4,4,1,4,3,3,4,1,4,3,1,1,1,1,1,1,4,1,1,4,4,4,1,4,4,1,1,4,1,1,4,4,4,1,1,4,4,4,1,1,1,4,4,1,1,4,4,4,1,1,4,4,4,4,2,4,1,4,1,4,1
1071,Waiting meant i was guarenteed points,1,2,2,2,2,1,2,2,1,2,2,1,1,2,2,2,1,2,2,1,2,1,2,2,2,2,1,1,4,2,2,1,2,3,4,4,3,4,3,2,4,1,2,3,2,2,1,3,3,3,2,1,1,2,2,1,3,4,1,4,1,2,4,1,4,2,2,3,2,2,1,1,4,2,2,3,2,4,1,1,2,2,3,3,1,1,2,3,1,2,1,2,3,2,1,1,1,4,3,1,2,2,2,3,2,2,3,2,3,3,2,3,3,2,2,2,1
1072,"I tried to notice patterns (which ""brand"" tended to get the higher values), and, though this was probably me reading too much into the test, tried to remember what repeating books sided (in value) with which brand. Other than that, sometimes I just wanted to be rewarded by taking a risk on what presented itself as a lower value (for last year), but would yield a greater value in the current year. ",2,2,1,2,1,1,1,2,1,1,2,1,1,2,1,1,1,1,2,1,1,1,2,1,2,2,1,1,4,1,2,1,2,1,1,2,3,4,3,2,4,1,4,1,1,1,1,3,1,1,2,1,1,2,1,2,4,4,1,4,3,1,4,2,3,3,4,4,1,4,3,1,4,1,4,4,1,4,1,4,4,2,4,4,1,1,4,4,2,2,2,4,4,4,1,1,4,4,4,1,1,4,4,4,4,1,4,4,4,4,1,4,1,4,2,4,3
1073,"If the price was too low, I chose to wait.",1,2,1,2,1,1,2,2,1,1,2,1,1,2,1,1,1,1,2,1,2,1,2,1,2,2,1,1,3,1,2,2,2,2,3,3,3,3,1,3,3,2,3,1,1,1,1,3,1,1,2,1,1,3,1,1,2,4,1,4,3,1,4,1,3,3,4,4,1,4,4,1,4,1,4,2,1,4,1,4,4,2,4,4,1,1,4,4,3,1,1,2,4,4,1,1,4,4,3,1,1,4,4,4,4,1,4,3,4,4,2,4,1,4,4,4,4
1071,Waiting guarentees some amount of points,1,2,2,2,2,1,,2,1,2,2,,,,,,,,,,,,,,,,,,,,,,,,,,,,,,,,,,,,,,,,,,,,,,,,,,,,,,,,,,,,,,,,,,,,,,,,,,,,,,,,,,,,,,,,,,,,,,,,,,,,,,,,,,
1074,"Yes. If the two prices were close together, I chose to wait because I couldn't tell which option was better or worse so waiting gives me the possibility of choosing the better one. When the prices were far apart, I chose to commit and pick the higher one because the prices usually only changed by a small amount so it was likely that after the change of prices that option would still be the higher one.",1,2,2,2,2,1,2,2,1,2,2,2,1,2,2,2,1,2,2,1,2,1,2,1,2,2,1,1,4,2,2,1,1,1,4,4,3,4,2,4,3,2,3,1,2,2,1,4,1,1,4,2,1,2,3,1,2,2,2,4,1,3,4,1,3,2,1,4,1,4,2,3,4,1,2,1,4,4,1,4,4,2,4,1,3,1,4,4,1,3,1,3,4,2,3,1,4,4,1,4,1,4,4,1,4,1,4,3,4,4,1,4,1,4,4,3,4
1075,"yes, the highest price. when they were to simmilar i waitted",1,2,2,2,2,1,2,2,1,1,2,1,1,2,2,2,1,2,2,1,2,1,2,1,2,2,1,1,2,4,1,3,3,4,3,1,1,2,2,1,4,4,4,2,4,3,4,1,1,2,1,4,4,4,4,4,4,4,4,1,4,1,2,3,1,2,1,4,3,1,2,2,4,4,1,2,1,3,2,1,4,4,1,1,4,3,1,3,1,4,4,1,2,2,3,3,1,3,1,4,1,1,2,1,1,1,2,1,1,2,4,1,3,1,2,1,1
1076,no always wait baby never commit early ive got commitement issues ,1,2,1,2,2,1,2,2,1,1,2,1,1,2,1,1,1,1,2,1,2,1,2,1,2,2,1,1,1,4,4,4,4,4,1,1,2,1,3,1,4,4,4,3,4,3,4,2,3,4,2,4,2,3,3,4,3,2,3,1,1,2,3,3,3,1,2,2,4,2,1,4,3,3,3,1,2,3,3,3,2,3,3,1,3,3,2,3,1,3,3,2,3,1,3,3,3,3,2,4,3,2,3,1,2,3,3,2,1,3,3,3,3,1,3,2,3
1077,"Tried to find a pattern at first but couldn't find anything solid. Due to fatigue, was largely picking things at random",1,2,1,2,2,1,2,2,1,1,2,1,1,2,1,1,1,1,2,1,2,1,2,1,2,2,1,1,4,1,2,2,1,3,3,3,3,3,2,4,4,1,4,1,1,1,1,3,1,1,1,1,2,3,2,2,2,4,2,3,2,1,4,1,3,3,3,4,1,3,3,1,4,1,4,4,2,4,2,3,4,1,3,4,1,1,3,4,2,1,1,3,3,4,1,1,3,4,3,1,1,3,4,4,4,1,4,4,2,4,2,4,1,3,2,3,3
1078,If the numbers were close then I chose to wait.,1,2,1,2,2,1,2,2,1,2,2,2,1,2,2,2,1,2,2,1,2,1,2,1,2,2,1,1,3,2,2,3,1,2,3,3,2,3,2,2,1,1,2,1,1,1,1,2,1,1,3,3,3,2,2,2,3,3,3,3,2,1,4,2,2,4,3,4,1,3,2,1,4,1,4,1,2,2,2,4,3,3,4,1,2,2,3,4,3,2,2,2,4,3,2,2,4,4,4,1,2,2,4,1,3,2,4,2,1,3,2,4,2,4,3,4,4
1079,yes- I would choose to wait for newer prices only when the prices were above $35,1,2,1,2,2,1,2,2,1,1,2,1,1,2,1,1,1,1,2,1,1,1,2,1,2,2,1,1,3,1,1,1,3,4,2,3,1,2,2,3,4,2,3,2,2,2,2,2,1,2,1,3,2,3,2,1,3,4,1,3,2,2,2,1,2,3,2,4,3,2,3,2,3,1,2,4,2,3,1,2,3,4,3,4,3,2,2,4,4,4,2,3,4,4,3,1,3,3,3,3,1,3,4,1,2,2,4,2,4,3,2,4,2,4,4,2,3
1080,In the beginning I was more open to waiting because I was not as tired. Then I would also be looking to see if there were any patterns about what prices tended to decrease or increase if I chose to commit. I also was looking at the prices and price differences originally to evaluate whether or not I would think there would be a big enough difference or change if values changed.,1,1,1,2,2,1,2,2,1,1,2,1,1,2,1,1,1,2,2,1,2,1,2,1,2,2,1,1,4,1,2,2,1,4,4,4,3,3,2,3,2,2,3,1,1,2,1,3,4,3,2,2,3,4,3,2,3,3,2,4,2,2,3,2,3,3,3,4,1,4,2,1,3,1,3,4,2,3,2,2,3,2,4,4,1,1,3,4,2,1,1,3,4,4,1,1,3,4,3,1,2,4,4,4,4,2,4,4,4,4,2,3,2,4,2,4,3
1081,i preferred choosing an option that would give me more opportunities to win more points,1,1,1,2,1,1,,2,1,1,2,,1,1,1,1,1,1,2,1,1,1,2,1,1,1,1,1,2,1,1,2,1,3,4,3,1,4,2,3,3,2,3,2,2,1,1,2,1,1,2,1,2,3,2,1,4,2,1,2,1,2,3,2,3,2,4,3,4,2,2,1,3,1,3,3,2,2,1,4,2,3,3,2,3,2,3,3,2,2,2,4,4,2,2,1,3,4,3,2,1,3,2,2,4,1,4,3,2,3,1,3,1,4,2,3,2
1082,There was no real strategy I just tried to switch it up as much as possible.,1,2,1,2,2,1,2,2,1,1,2,1,1,2,1,1,2,2,2,1,2,1,2,1,2,2,1,1,3,1,3,2,1,2,3,3,3,3,1,3,3,2,4,1,2,1,2,4,1,2,1,2,1,2,2,1,3,3,2,4,1,1,3,1,3,2,4,3,3,1,1,1,3,2,2,1,1,2,2,2,1,2,3,1,1,2,2,3,1,2,1,2,3,1,2,3,1,3,1,2,1,2,3,1,3,1,3,1,1,2,2,3,1,1,3,1,3
1083,I committed more because I struggled to press the space bar on the square.,1,2,1,2,2,1,2,2,1,1,2,1,1,2,1,1,1,2,2,1,2,1,2,1,2,2,1,1,3,2,2,3,2,4,3,3,2,3,2,2,2,2,1,1,2,2,2,2,1,4,1,3,2,3,2,2,3,3,3,2,2,2,3,3,3,1,3,2,3,1,3,2,3,2,3,4,2,2,1,3,3,4,3,1,2,4,2,3,2,4,3,4,4,1,2,3,2,3,2,2,2,3,3,1,1,3,2,2,4,2,3,3,3,3,2,3,3
1084,"If one of the previous year's values were $50 or above, I committed. If not, I waited.",1,2,1,2,2,1,2,2,1,1,2,1,1,2,1,1,1,1,2,1,2,1,2,1,2,2,1,1,4,2,1,3,2,3,4,4,3,4,2,4,4,2,4,1,1,1,2,3,2,1,3,1,1,4,2,1,4,4,1,4,2,1,4,1,3,3,3,4,1,3,4,1,4,1,3,4,1,4,2,3,4,1,4,4,2,2,3,4,2,1,1,4,4,4,1,1,3,4,3,2,1,4,4,4,3,1,4,3,4,3,2,4,1,2,2,3,3
1085,"Yes, I always chose to wait because it seemed impossible to predict current price based on previous price. Hence, it was better to be able to see the actual price and have a chance to pick that rather than guessing. ",1,2,1,2,2,1,2,2,1,2,2,1,1,2,2,2,1,2,2,1,2,1,2,1,2,2,1,2,2,3,1,3,2,3,2,3,2,2,2,4,3,2,3,2,3,1,3,3,2,2,3,3,2,3,2,2,4,3,2,2,2,1,2,1,2,2,3,2,2,3,1,2,3,1,2,2,1,3,2,2,2,3,3,3,1,2,4,3,1,2,2,2,3,2,2,3,2,3,2,3,1,3,3,3,1,1,3,2,1,3,3,3,2,2,2,3,3
1086,"Most of the time I just committed because the old prices were very similar to the new ones. In the beginning I waited if the prices of the two bookstores were very close, but my reflexes weren't that quick I opted for the commit button for the rest",1,1,1,2,2,1,2,2,1,1,2,1,1,2,1,1,1,1,2,1,2,1,2,1,2,2,1,1,3,2,1,1,2,1,4,3,2,4,1,3,4,2,3,3,2,2,2,4,2,1,2,1,1,1,3,2,4,2,4,2,1,1,3,2,2,1,4,4,2,4,4,1,4,3,1,2,1,4,3,1,2,2,4,4,1,2,1,4,1,2,2,2,4,3,1,3,4,4,2,1,1,2,4,4,1,2,4,3,1,4,3,4,3,1,4,2,4
1087,No,1,2,2,2,2,1,2,2,1,2,2,1,1,2,2,1,1,2,2,1,2,1,2,1,2,2,1,1,3,3,2,3,3,3,3,3,2,2,3,2,3,3,3,2,3,3,3,2,2,4,2,3,2,3,2,3,3,3,1,2,1,1,1,2,3,2,2,2,2,2,3,2,2,3,3,1,2,3,2,3,2,3,3,2,2,2,3,2,2,2,2,3,3,2,2,2,2,2,3,2,2,3,3,2,1,2,3,4,3,2,2,2,2,4,2,2,3
1088,No,1,2,2,2,2,1,2,2,1,2,2,1,1,2,2,2,1,2,2,1,2,1,2,2,2,2,1,2,4,2,3,2,1,3,4,4,4,4,1,4,4,2,4,2,2,2,2,4,3,2,1,2,1,3,2,1,4,4,2,3,1,1,3,1,3,2,3,3,1,3,2,1,3,1,3,2,1,3,2,3,2,2,3,2,1,1,3,4,1,1,1,3,4,1,1,1,3,3,2,1,1,3,4,1,4,1,3,3,1,3,2,2,2,2,3,3,3
1089,Yes. If the numbers for both websites were close I mainly chose to wait for the new prices. If there was a large difference between the points (greater than 10) I would commit to the one that was higher.,1,1,1,2,1,1,,2,1,1,2,1,1,2,2,1,1,2,2,1,2,1,2,1,2,2,1,1,4,2,4,3,1,2,4,4,4,4,3,1,4,2,4,2,2,2,2,4,2,4,1,2,2,2,2,1,2,4,2,3,1,1,3,1,2,2,4,4,3,4,1,2,4,1,2,2,2,4,1,4,2,1,4,1,1,1,2,4,2,1,1,4,4,3,1,1,4,4,2,1,1,4,4,2,3,1,4,3,1,4,2,4,1,3,2,3,4
1090,"Sometimes - if I did, my decision was only based on whether or not I felt as though the gap between the original prices was large enough that a dramatic shift would be unlikely. For prices that were super close together originally, I kind of just did what felt right in the moment",1,2,1,2,2,1,2,2,1,1,2,2,1,2,1,1,1,2,2,1,2,1,2,1,2,2,1,1,4,1,2,1,1,3,4,4,4,2,1,4,3,3,4,2,1,1,1,4,2,3,1,2,2,2,2,1,2,4,2,,3,1,3,1,2,2,4,3,3,3,3,1,3,1,3,3,1,4,1,3,3,2,4,1,1,1,4,4,2,2,1,2,3,2,1,2,3,4,4,1,1,3,3,3,3,1,4,2,1,4,1,4,1,2,3,3,3
1091,I preferred waiting but when I did choose to commit it was because I suspected the higher prices would go lower while the lower ones would rise. ,1,2,1,2,2,1,2,2,1,2,2,1,1,2,2,1,1,2,2,1,2,1,2,1,2,2,1,2,4,1,2,4,1,3,3,3,3,4,2,3,3,1,3,2,2,1,2,3,2,1,1,1,2,3,2,2,1,3,3,2,1,1,2,1,2,1,3,3,1,3,4,1,3,1,3,2,2,3,1,3,2,2,3,2,1,1,3,3,1,2,1,3,3,1,1,2,3,3,1,2,1,4,3,1,4,1,3,3,1,3,2,4,1,1,2,3,3
1092,"if the points were close in number, I chose wait to see price, and if there was a huge difference between the points, I chose to commit to store with the highest points.",1,2,2,2,2,1,2,2,2,2,2,2,1,2,2,2,1,1,2,1,2,1,2,,2,2,1,2,4,4,2,4,2,3,2,3,2,3,2,2,1,1,4,1,,2,,,3,3,4,4,3,3,2,2,4,4,3,3,1,1,4,2,3,3,4,4,2,2,3,2,4,3,4,1,4,4,4,4,2,2,4,3,3,3,4,4,4,1,3,3,2,1,1,2,1,4,2,1,1,1,2,1,1,,4,2,2,2,2,4,2,1,1,2,1
1093,"If I noticed a larger gap between the two values, I would typically chose to commit. Otherwise, I would typically wait. I did try to notice any similarities between when the same book came up more than once, but gave up on that strategy pretty quickly!",1,2,2,2,2,1,2,2,1,1,2,1,1,2,1,1,1,2,2,1,2,1,2,1,2,2,1,1,4,2,1,1,2,4,4,2,1,4,4,3,3,2,3,2,1,4,2,3,1,1,1,3,1,4,2,4,3,4,1,3,2,2,4,1,3,2,2,4,2,1,3,2,3,2,2,2,3,4,3,2,2,4,4,2,3,1,1,4,2,4,2,1,4,3,3,1,2,4,2,3,2,1,4,2,1,2,4,1,2,3,4,4,2,4,2,1,4
1094,"Yes.  I started by selecting ""wait"", but after missing a few, and noting that the difference was often not very consequential, I decided to select ""commit"" for the rest of the experiment, since getting something was better than nothing.  (I'm not a risk taker)",1,1,1,2,1,1,2,2,1,1,2,1,1,2,1,1,1,1,2,1,1,1,2,1,1,1,1,1,4,1,2,2,2,2,4,4,4,4,1,4,3,1,3,2,1,1,1,4,2,1,3,1,1,1,1,1,3,4,1,4,4,2,4,1,3,4,4,4,1,3,2,4,4,1,4,4,2,4,1,4,4,1,4,3,1,1,4,4,3,1,1,4,4,4,1,1,2,4,2,2,1,4,4,3,3,1,4,3,1,4,1,4,1,3,3,4,4
1095,I waited if there was a less than five dollar difference between the values and committed if there was a substantial difference,1,2,1,2,2,1,2,2,1,1,2,1,1,2,1,1,1,1,2,1,2,1,2,1,2,2,1,1,4,2,4,2,2,3,3,4,2,3,4,4,4,1,3,2,1,3,1,4,2,2,1,2,1,3,2,3,2,3,2,3,2,2,3,1,3,1,2,4,1,3,1,1,4,2,2,3,1,3,2,1,1,3,3,2,2,1,3,4,2,2,1,3,3,4,2,2,3,4,2,2,1,3,3,3,1,1,3,4,2,4,4,2,2,2,3,3,4
1096,To wait every round,1,2,2,2,2,1,2,2,1,2,2,2,1,2,1,1,1,2,2,1,2,1,2,1,2,2,1,1,3,1,3,2,2,3,2,2,2,2,2,4,4,2,4,1,2,1,2,4,1,3,3,2,1,3,2,3,1,4,2,3,1,1,3,1,4,3,3,4,2,3,1,1,4,1,4,2,1,3,2,2,2,2,3,3,2,1,4,4,2,2,1,3,3,4,1,1,3,3,3,1,1,3,3,1,3,2,3,3,2,3,2,2,1,3,2,2,3
1097,Yes I waited,1,2,1,2,2,1,2,2,1,1,2,1,1,2,1,1,1,1,2,1,2,1,2,1,2,2,1,1,2,3,1,4,3,3,3,4,2,1,4,2,1,4,4,1,4,4,4,2,3,4,1,4,3,4,4,4,1,2,4,1,1,3,3,2,2,4,3,4,4,1,4,4,4,3,4,1,4,2,2,3,2,4,4,4,3,2,2,4,1,4,3,1,4,1,3,4,1,4,2,3,1,1,4,1,4,3,4,1,1,4,4,4,3,1,2,1,4
1098,"Yes, assessed the size difference in the initial price and weighed that up with risk",1,2,2,2,2,1,2,2,1,2,2,1,1,2,2,2,1,2,2,1,2,2,2,2,2,2,1,1,4,2,2,3,2,3,3,3,3,3,2,3,4,2,3,,2,2,2,3,2,2,1,2,1,3,2,2,2,3,2,3,2,1,4,2,3,2,3,4,1,4,2,1,4,1,4,1,2,4,2,4,2,2,3,1,1,1,3,4,2,1,2,2,4,1,1,2,3,4,2,1,2,3,4,1,4,2,4,3,1,4,3,4,1,1,3,4,4
1099,"Not necessarily, however near the end of the experiment, I noticed things like one website increasing in current year value whenever a book's price on both websites were similar for the year prior. I'm not sure if it's just a coincidence or not that it happened. Otherwise, no strategy.",1,2,2,2,2,1,2,2,1,2,2,2,1,2,2,2,1,2,2,1,2,1,2,2,2,2,1,2,3,2,1,2,2,4,4,3,2,3,1,4,4,2,3,1,2,3,2,3,1,2,2,2,3,3,1,3,3,4,1,3,1,1,4,1,2,2,3,4,1,1,1,1,4,1,4,1,1,4,1,1,2,3,4,3,2,1,4,4,1,3,1,4,4,1,2,1,3,4,3,1,1,4,4,1,2,4,4,4,1,4,3,2,1,2,4,1,3
100,"i wanted to guage how much the value would change while i waited, so if the value was lower initially, there were certain times where it increased in the wait period and then i could decide and commit to the higher value ",1,2,2,2,2,1,2,2,1,2,2,1,1,2,2,1,1,2,2,1,2,2,2,1,2,2,1,1,4,2,3,2,1,3,3,4,3,3,1,4,4,1,4,2,2,1,2,4,2,2,1,2,2,2,3,1,4,3,2,4,1,1,4,1,2,1,4,4,3,2,1,1,4,1,3,1,1,4,2,3,1,2,4,1,1,1,4,4,1,2,1,3,4,1,1,1,3,4,1,1,1,4,4,2,2,1,4,2,1,4,2,3,1,1,2,3,2
1101,Usually waited if less than 50 points,1,2,2,2,2,1,2,2,1,2,2,2,1,2,2,2,1,2,2,1,2,1,2,1,2,2,1,1,3,1,4,3,1,1,4,4,4,4,1,3,4,1,4,2,2,1,2,4,2,2,1,2,1,1,2,1,3,3,2,4,2,1,4,1,2,3,3,4,1,4,3,2,4,2,4,1,2,4,2,4,3,1,4,4,2,2,4,4,2,2,2,4,4,4,1,2,4,4,3,1,2,4,4,1,4,2,4,4,2,4,1,4,2,4,3,4,4
1102,"When the margin was larger than 8-13, I would commit to the larger number because even if the cheaper price increased it would rarely outbid the first one.",1,1,1,2,2,1,2,2,1,1,2,1,1,2,1,1,1,1,2,1,1,1,2,1,1,1,1,1,4,2,2,2,2,4,4,2,2,3,2,4,4,2,2,1,2,3,2,4,2,3,2,2,1,4,1,1,1,2,1,3,2,2,3,1,1,3,2,3,1,2,3,1,3,1,1,3,2,2,1,1,3,3,2,3,3,1,1,3,2,3,1,1,4,1,2,1,2,4,2,2,1,1,4,1,1,1,3,1,2,3,3,2,1,1,3,2,3
1103,If the points were lower I chose to wait to see how high they ould go up to increase my chance of getting more points,1,1,1,2,1,1,2,2,1,1,2,1,1,1,1,1,1,1,2,1,1,1,2,1,1,1,1,1,2,4,3,2,2,3,1,4,2,1,3,2,2,2,4,3,4,2,3,2,1,4,2,2,4,4,2,2,4,3,3,2,1,2,2,3,1,1,3,2,1,3,1,3,3,3,1,1,1,3,4,1,1,2,3,1,1,2,3,3,1,2,2,3,3,1,1,3,3,3,1,1,3,3,3,1,1,3,3,3,1,2,2,2,2,1,2,1,2
1104,"Yes, if the difference between the price was large, I almost always committed and picked the higher price.  If the price of the books was low or the price between them small, I would risk it and wait in order to try to get a higher price. ",1,2,2,2,2,1,2,2,1,2,2,1,1,2,2,2,1,2,2,1,2,1,2,1,2,2,1,1,4,1,4,4,1,2,4,4,4,4,1,4,4,1,4,1,1,1,1,4,1,1,2,1,1,2,2,1,2,4,3,3,1,1,4,1,3,1,4,4,3,4,1,2,4,1,3,1,1,4,2,4,2,1,4,2,1,1,3,4,1,1,1,4,4,4,1,2,3,4,2,1,1,4,3,1,4,1,4,3,1,3,2,4,1,2,2,3,3
1105,I was usually looking at the higher number. Also looking at the difference between each. Higher difference enabled me to commit sooner.,1,2,2,2,2,2,2,2,2,2,2,2,1,2,2,2,2,2,2,2,2,2,2,2,2,2,2,2,4,2,3,4,3,3,1,2,3,4,1,4,4,2,3,2,3,1,3,2,2,1,4,2,1,2,2,1,4,4,1,3,1,1,2,1,4,1,4,3,1,4,3,1,3,1,4,1,1,3,1,2,1,2,2,1,1,1,2,4,1,1,1,2,4,1,1,1,2,4,1,1,1,3,1,1,1,1,1,4,1,3,1,4,2,1,1,3,1
1106,"If the difference in price was greater than 10 dollars, I committed to the store with the higher selling price. Otherwise, if the prices were similar, I chose to wait.",1,2,1,2,2,1,2,2,1,2,2,1,1,2,2,2,1,2,2,1,2,1,2,1,2,2,1,1,3,1,2,2,2,2,3,3,3,3,1,4,3,1,2,2,2,2,2,4,2,1,2,2,1,2,1,2,3,4,2,3,1,2,4,1,3,2,3,4,2,2,3,1,4,2,3,2,1,4,2,1,4,3,4,1,2,2,3,4,2,2,1,3,3,2,2,1,2,4,3,3,1,4,4,2,2,1,4,2,1,3,4,3,1,4,3,2,2
1107,"I always used the commit option - if the price difference was a lot, I would always choose the book with higher value. If the price difference was small, I would choose either/or.",1,2,1,2,1,1,2,2,1,1,2,1,1,2,1,1,1,2,2,1,2,1,2,1,2,2,1,1,4,1,2,3,1,3,3,3,3,2,1,4,4,2,4,2,1,2,2,3,2,3,1,1,2,2,2,1,3,4,3,3,1,1,4,1,3,3,2,4,2,3,3,1,4,1,4,1,1,3,3,2,3,2,4,2,1,1,4,4,2,2,1,3,4,3,1,2,2,4,2,1,2,4,4,3,4,1,4,4,1,3,2,4,1,3,2,3,3
1107,yes; wait every time,1,2,1,2,2,1,2,2,1,2,2,1,1,2,2,2,1,2,2,1,2,2,2,1,2,2,1,1,3,2,3,3,1,2,3,3,3,3,2,3,3,3,3,2,2,1,2,3,1,2,2,1,1,2,1,2,4,3,2,4,2,2,4,2,3,3,2,4,4,3,2,3,4,2,2,3,2,4,3,2,3,1,4,3,2,2,3,4,3,2,2,4,4,1,2,3,4,4,3,2,2,4,4,2,3,3,4,4,2,4,2,4,2,3,2,2,3
1109,"Yes - if the values were close together I tried to wait, but if they were far apart I tried to commit.",1,2,2,2,2,1,2,2,1,2,2,2,1,2,2,2,1,2,2,1,2,1,2,1,2,2,1,1,3,2,3,3,2,3,3,3,3,3,2,3,3,3,3,1,3,2,3,3,1,2,3,1,1,3,3,2,3,2,3,3,1,2,3,2,2,1,3,3,2,3,2,3,4,2,2,2,2,4,3,3,3,2,4,1,2,2,2,4,1,2,2,2,4,4,1,3,3,4,1,2,2,4,4,1,3,2,3,2,1,4,2,3,2,3,2,3,4
1110,"I almost always waited, except when there was a large difference in the last year's prices ($15-20ish points)",1,2,2,2,2,1,2,2,1,2,2,1,1,2,2,2,1,2,2,1,2,1,2,1,2,2,1,2,2,3,3,3,2,3,3,4,3,4,2,3,3,2,4,2,3,2,3,3,2,1,2,3,1,4,2,2,4,3,3,2,1,1,3,2,3,1,3,2,2,1,3,3,3,2,3,1,2,2,4,3,1,2,3,1,2,2,3,3,1,2,2,3,3,1,2,2,3,3,2,2,3,4,3,1,2,3,3,2,1,3,2,3,2,1,2,2,3
1111,Committ usually since the keys were easier then selected the one that was higher. Sometimes did wait when I was bored,2,2,2,2,2,2,2,2,2,2,2,2,2,2,2,2,2,2,2,2,2,2,2,2,2,2,2,2,4,1,4,2,1,4,4,4,3,4,2,4,4,2,4,2,1,1,2,3,2,2,1,3,1,3,2,2,1,4,3,4,1,1,4,1,3,2,3,4,2,3,2,1,4,1,3,4,1,3,2,3,3,2,4,2,1,1,3,4,1,2,1,3,3,1,1,1,3,3,2,1,1,3,3,3,2,1,3,2,3,3,3,3,1,3,3,3,3
1112,No,2,2,2,2,2,,2,2,1,2,2,1,1,2,1,2,1,2,2,1,2,1,2,1,2,2,1,1,3,1,3,4,2,1,2,3,3,1,1,3,2,1,4,2,2,1,3,3,2,2,2,2,3,3,3,1,4,3,3,3,1,2,3,3,4,1,3,3,4,3,3,2,3,2,3,3,2,3,3,4,1,2,3,4,2,3,3,4,2,2,3,4,4,3,3,3,4,4,1,2,3,3,4,4,2,3,3,2,3,3,2,4,2,4,4,3,4
1113,"Yes, chose to commit only because it gave the best odds ",1,2,1,2,2,1,2,2,1,2,2,1,1,2,2,1,1,2,2,1,2,1,2,1,2,2,1,1,4,3,4,3,1,2,3,2,2,2,3,3,3,3,3,1,2,2,2,3,3,4,1,3,1,3,3,3,4,3,3,3,1,1,2,2,2,1,3,2,2,3,3,2,2,3,2,3,2,2,3,2,3,3,2,3,1,2,1,2,1,1,2,3,3,3,1,3,2,2,2,1,1,2,2,3,2,2,2,2,1,2,2,2,3,4,2,2,2
1114,"After a fetries to try and figure out if there was a pattern to the change in prices, I could not discern one. I decided then to wait on all choices for the chance to influence the outcome if I was able to ""hit"" at the correct time.",1,2,2,2,2,1,2,2,1,2,2,2,1,2,2,2,1,2,2,1,2,1,2,1,2,2,1,1,3,2,3,3,1,1,4,3,4,4,2,4,4,2,4,2,2,1,1,4,1,2,2,2,1,2,3,2,4,4,2,3,2,1,4,1,2,3,4,4,1,3,2,2,4,1,4,4,1,3,3,3,4,1,4,4,1,1,3,4,2,1,1,2,4,2,1,1,2,4,3,1,1,3,4,4,3,2,4,3,1,4,3,4,2,3,2,3,4
1115,"yes, I choose wait because I have a chance of getting higher points based off of my reaction time. With commit the decision is based off of a blind guess.",1,2,2,2,2,1,2,2,1,2,2,2,1,2,2,2,1,2,2,1,2,1,2,1,2,2,1,2,4,2,3,2,1,1,2,4,4,4,1,3,3,1,3,2,1,2,1,3,3,1,2,1,1,1,4,1,3,2,3,4,2,2,4,1,4,1,4,4,2,4,3,2,4,2,4,2,2,4,2,3,2,1,4,2,1,1,4,4,2,1,1,4,4,3,1,2,4,4,3,1,1,4,4,2,4,2,4,4,2,4,2,4,2,1,4,4,4
1116,Not Really,2,2,1,2,2,1,2,2,1,1,2,1,1,2,1,1,1,2,2,1,2,2,2,1,2,2,1,1,3,3,2,3,2,4,4,3,2,3,3,2,3,2,3,3,3,4,3,2,3,2,2,3,2,3,1,3,3,4,2,2,4,3,2,2,2,3,2,2,2,3,3,3,2,2,2,4,3,3,2,2,4,2,3,4,3,2,2,2,4,2,2,2,2,4,3,3,2,2,4,3,3,2,3,4,4,3,3,2,4,2,2,2,2,4,3,2,3
1117,"I chose to use Commit after a while, I'd rather take an initial chance than wait to see if I could get the white box in time",1,2,2,2,2,1,2,2,1,2,2,1,1,2,1,1,1,1,2,1,2,2,2,1,2,2,1,1,3,2,2,2,2,3,2,3,2,1,2,3,1,2,3,3,2,2,2,3,2,4,1,1,3,2,2,3,1,3,3,2,2,3,3,3,2,2,3,4,2,4,3,2,4,2,2,2,3,3,3,3,2,3,4,2,3,3,1,4,2,3,3,2,3,4,3,3,2,3,2,3,3,2,3,2,1,3,3,3,2,3,2,4,3,2,3,2,3
1118,"at first i was trying to find a pattern: if the values were similar to each other at the beginning i would commit becuase i figured it was a 50/50 chance of luck of choosing the 'right' book, then i tried waiting when the prices were similar becuase i thought the 'hit' or 'miss' was totally random, then i thought that the faster i answered regardless of what i chose (wait/commit, if i committed, picking a random bookstore just answering fast) to see if hte faster i answered would result in a larger payout, etc. i also tried just choosing 'commit' and always picking one bookstore fora while, i tried to think of every pattern there could be (even trying to remember the book covers because some came back a few times), i was trying to see if there was some sort of pattern and if i could always secure the larger 'payout' with whatever strategy i was choosing at the time. i mixed it up whenever i got a few 'wrong' in a row, sometimes i purposefully didn't press the space bar if i 'waited' to see what would happen (if the program would randomly sort me into the 'higher payout' bookstore, i dont think i figured out a pattern, at least not consciously",1,2,1,2,2,1,2,2,1,1,2,1,1,2,1,1,1,1,2,1,2,1,2,1,2,2,1,1,4,1,2,1,1,2,4,3,3,3,1,4,4,1,4,1,1,1,1,3,1,2,2,1,2,2,1,1,4,4,2,3,2,1,3,1,2,2,4,3,2,2,3,1,3,1,1,2,2,4,1,2,4,2,4,2,1,1,2,3,2,3,1,3,3,4,1,2,2,3,2,1,1,4,3,4,2,2,3,3,2,2,2,3,2,4,2,2,4
1119,"Yes, if there was a big difference between the points from either book place then it would be a commit while small differences between both points would be a wait.",1,2,2,2,2,1,2,2,1,2,2,1,1,2,2,2,1,2,2,1,2,1,2,1,2,2,1,2,4,2,2,3,1,4,3,4,4,4,2,4,4,1,4,3,2,1,2,4,2,2,1,2,1,4,2,2,3,4,1,3,2,1,3,1,4,4,3,3,1,3,4,1,4,1,4,4,2,3,1,2,3,1,4,4,1,1,4,4,3,1,1,4,4,4,1,1,4,4,3,1,1,4,4,3,4,1,4,4,4,4,1,4,1,1,2,4,2
1120,"Chose to commit on prices 50 and over, chose to wait on prices lower than 50",1,1,1,2,1,1,2,2,1,1,2,1,1,2,1,1,1,1,2,1,1,1,2,1,1,1,1,1,4,1,2,2,1,1,4,4,4,4,1,4,4,1,4,1,1,1,1,4,1,1,2,1,1,2,2,1,3,4,1,4,2,1,4,1,3,3,4,4,1,4,2,1,4,1,4,3,2,4,2,4,3,1,4,4,1,1,4,4,3,1,1,3,4,4,1,1,4,4,4,1,2,4,4,4,4,1,4,4,2,4,2,4,1,4,3,4,4
1121,No,1,2,1,2,2,1,2,2,1,1,2,1,1,2,1,1,1,1,2,1,2,1,2,1,2,2,1,1,3,2,3,3,2,1,3,3,3,4,2,3,4,2,3,2,2,1,2,3,2,2,2,3,1,2,2,2,4,3,2,4,2,1,4,2,3,2,4,3,2,3,2,2,3,2,3,3,2,3,4,4,2,2,3,2,1,2,3,4,2,2,2,3,4,2,1,2,3,3,2,1,2,4,3,2,2,2,3,2,2,3,2,3,2,1,2,2,3
1122,I commited when the price options were good and I waited if the price options were low . I did this to get higher options to choose from,1,1,1,2,1,1,1,1,1,1,2,1,1,1,1,1,1,1,1,1,1,1,1,1,1,1,1,1,2,1,2,2,2,2,2,4,2,3,1,2,3,1,2,1,1,2,1,2,2,1,1,1,1,1,1,1,2,4,2,3,2,1,4,2,3,1,3,3,1,3,3,1,4,1,4,4,1,4,2,4,3,1,4,4,2,2,4,4,3,2,2,2,4,4,2,2,4,4,4,2,2,3,4,4,4,2,4,2,4,4,3,4,4,2,4,3,3
1123,"I committed when both prices were somewhat high (more than 50) because it was unlikely that they would go down too much. I waited whenever the two prices were kinda different (e.g. 18 and 30), or almost the same (e.g. 54 and 55)",1,2,1,2,2,1,2,2,1,1,2,1,1,2,1,1,1,2,2,1,2,1,2,1,2,2,1,1,2,3,1,3,3,4,4,3,3,2,2,3,4,2,3,3,3,3,3,2,4,4,3,3,3,4,3,3,4,4,3,2,1,1,2,3,2,1,3,3,3,1,4,1,2,3,1,1,1,2,1,4,2,2,2,1,1,3,1,3,1,2,3,1,4,2,1,3,1,3,1,1,4,1,1,1,1,3,1,2,1,2,4,4,3,1,2,2,1
1124,"At first I always waited because I wanted to have more control over my fate instead of complete luck. Then I started committing so I could get through the questions faster and see if there was any pattern between whether the higher pre-value went up more or went down. When I came to the conclusion that there was no pattern (I think), I started waiting if the pre-values were high and committing if the pre-values were low, so that I had more control when there was more at stake.",1,1,1,2,1,1,2,2,1,1,,1,1,2,1,1,1,1,2,1,1,1,2,1,1,1,1,1,4,1,2,2,1,4,4,3,2,3,2,4,4,2,3,2,1,2,1,3,3,2,1,1,2,3,2,2,3,4,2,4,2,1,4,1,3,2,4,4,2,1,3,1,4,1,2,1,1,4,1,4,3,2,4,1,1,1,4,4,1,2,1,4,4,1,1,1,4,4,1,1,1,4,4,1,1,1,4,4,1,4,1,4,1,4,3,4,3
1125,Would select commit if there was a significant price difference or if I missed the white box multiple times in a row,1,1,1,2,2,1,2,2,1,1,2,1,1,2,1,1,1,1,2,1,1,1,2,1,1,2,1,1,4,1,2,2,2,3,3,3,2,4,1,4,4,2,3,2,1,2,2,3,1,2,2,1,1,2,2,1,3,4,2,4,2,1,4,1,3,2,2,4,3,3,4,2,4,1,4,2,2,4,1,3,3,2,4,4,1,1,3,4,3,1,1,3,4,4,2,1,2,4,4,1,1,4,4,4,3,1,4,2,2,4,3,4,1,3,2,3,4
1126,I just move on,1,1,1,2,1,1,1,1,1,1,2,1,1,1,1,1,1,1,2,1,1,1,2,1,1,1,1,1,3,2,3,4,1,1,3,4,4,2,1,3,4,1,4,1,1,2,2,4,1,2,1,1,1,1,2,1,4,4,2,4,1,1,4,1,2,1,4,4,2,4,4,1,4,1,3,4,1,4,1,3,3,1,4,4,1,1,4,4,3,1,1,4,4,4,2,2,3,4,4,1,1,4,4,4,2,1,4,3,4,3,2,4,1,3,2,4,4
1127,Usually I committed if there was a large gap between the starting values.,1,2,2,2,2,1,2,2,1,1,2,1,1,2,1,1,1,2,2,1,2,1,2,1,2,2,1,1,3,1,1,4,2,2,3,3,3,3,2,3,3,1,2,1,2,2,2,3,3,3,2,4,1,2,2,2,4,2,2,3,3,1,4,2,2,3,3,4,2,3,4,1,4,2,2,4,1,3,1,2,3,2,4,4,2,2,2,4,3,2,2,2,4,4,2,2,4,4,3,1,1,2,4,4,3,2,4,2,3,4,2,4,1,3,2,3,4
1128,"Starting off with 12pt difference to commit, then changed to 7pt difference to commit",1,2,2,2,2,1,2,2,1,2,2,1,1,2,2,2,1,2,2,1,2,1,2,1,2,2,1,1,3,1,4,2,2,3,3,4,3,4,3,3,4,2,3,1,2,1,2,3,3,2,2,3,1,3,1,3,4,4,2,4,2,1,4,1,2,3,4,4,2,3,2,1,4,2,4,4,1,4,2,4,3,2,4,4,1,1,3,4,4,2,2,3,4,4,1,2,4,4,4,1,1,4,4,4,3,2,4,3,4,4,2,4,2,4,4,4,4
1129,tried to go for highest one,2,2,2,2,2,2,2,2,2,2,2,2,2,2,2,2,2,2,2,2,2,2,2,2,2,2,2,2,3,3,2,2,3,3,2,3,2,2,2,3,3,3,3,2,3,2,3,3,1,2,2,2,2,3,3,3,3,3,3,3,2,2,2,2,2,2,4,3,2,2,2,3,2,2,2,3,2,3,3,3,2,3,3,3,2,2,2,2,2,2,2,2,2,4,2,2,2,3,2,2,2,3,3,2,3,2,3,1,1,2,3,2,2,2,2,2,2
1130,"Eventually, anything above 40 I committed to, and anything under 40 I waited to see the new price",1,2,2,2,2,1,2,2,1,2,2,2,1,2,2,2,1,2,2,1,2,1,2,1,2,2,1,1,3,1,2,4,2,2,2,4,3,4,1,4,3,1,4,2,1,1,2,4,1,2,1,2,2,3,2,1,2,3,3,4,1,1,4,1,2,2,3,4,1,4,2,3,4,1,2,4,2,4,1,4,2,2,4,4,2,1,4,4,1,2,1,4,4,4,1,2,3,4,2,2,1,4,4,2,2,1,4,4,2,4,1,4,1,1,2,3,4
1131,It seemed that the original prices were similar to the real prices so I chose to commit more often,1,2,1,2,2,1,2,2,1,2,2,1,1,2,2,2,1,2,2,1,2,1,2,1,2,2,1,2,4,2,2,2,1,1,3,4,3,3,2,3,3,2,3,2,2,2,2,3,2,3,2,3,2,2,3,3,3,3,2,3,1,1,3,1,3,2,3,3,2,2,2,2,3,1,2,1,2,3,3,3,3,2,4,2,2,2,2,3,2,2,2,2,3,1,2,1,4,3,2,2,2,3,3,3,3,2,4,2,1,3,2,2,2,3,2,3,3
1132,always wait,1,1,1,2,2,1,2,2,1,1,2,1,1,2,1,1,1,1,2,1,1,1,2,1,1,1,1,1,3,1,4,4,2,4,1,3,1,4,4,3,4,2,3,2,2,3,3,2,2,1,3,1,1,4,2,3,3,4,2,3,1,1,3,3,3,2,4,3,3,2,2,1,3,2,2,1,2,3,3,4,3,3,3,3,1,1,2,4,1,2,2,4,4,3,1,2,2,3,2,1,2,2,2,1,1,2,2,2,1,2,3,3,2,1,3,2,3
1133,no,1,2,2,2,2,2,2,2,1,1,2,1,1,2,2,2,1,2,2,1,2,1,2,1,2,2,1,1,4,1,2,2,1,2,4,4,4,4,2,4,4,2,4,2,1,2,1,4,2,1,2,2,1,1,1,1,4,4,1,4,3,1,4,1,1,2,3,4,1,4,2,1,4,1,4,1,2,4,1,2,4,1,4,4,1,1,3,4,3,1,1,3,4,4,1,1,2,4,4,1,1,4,4,3,2,1,4,4,2,4,2,4,1,3,4,4,4
1134,No,1,2,1,2,2,1,2,2,1,2,2,1,1,2,2,2,1,2,2,1,2,1,2,1,2,2,1,1,3,2,3,3,1,2,4,3,2,3,2,3,3,2,1,1,2,3,2,3,2,2,2,4,1,2,2,3,2,3,1,3,2,2,3,1,2,2,2,4,1,3,4,2,4,1,3,4,2,3,2,3,3,3,3,4,3,1,4,4,2,2,1,4,4,4,2,2,3,4,3,3,1,4,4,3,1,1,3,4,1,3,3,4,1,3,1,2,4
1135,"If the last year's prices were close to one another, i'd wait. Otherwise, large differences usually meant the higher priced one would stay higher priced so i committed",1,2,2,2,2,1,2,2,1,2,2,1,1,2,,2,1,2,2,1,2,2,2,1,2,2,1,1,3,1,2,1,1,3,4,3,2,3,1,4,3,1,4,1,1,2,1,3,2,2,2,2,1,3,2,4,4,4,2,4,2,2,4,1,2,3,3,4,1,3,1,2,4,1,4,3,3,4,2,4,2,3,4,4,2,2,4,4,2,3,1,4,4,4,1,1,2,4,2,2,1,4,4,2,1,1,4,4,2,4,2,4,2,3,2,4,4
1136,Guessing ,1,2,2,2,2,2,2,2,1,1,2,1,1,2,2,1,1,1,2,1,2,1,2,1,2,2,1,1,3,2,1,2,3,4,4,2,1,2,4,3,4,2,3,1,2,2,2,3,1,3,4,3,4,3,2,4,4,3,1,1,3,2,2,2,2,3,2,4,2,4,3,4,4,2,1,4,3,3,3,3,4,4,4,4,3,2,2,4,3,4,2,4,4,4,2,2,2,3,4,3,2,3,4,4,1,2,3,4,2,3,2,4,2,4,2,2,3
1137,Wait,2,2,2,2,2,2,2,2,1,2,2,2,1,,2,2,1,2,2,1,2,2,2,2,2,2,2,2,4,2,3,1,1,2,3,3,3,4,2,2,3,2,4,1,1,1,2,3,2,3,4,2,1,2,2,2,3,3,2,3,3,2,4,2,2,3,3,4,2,2,3,2,4,2,3,4,2,4,2,3,4,2,3,3,2,2,3,4,4,2,2,2,4,2,2,2,3,4,4,2,2,3,4,4,3,2,4,3,4,3,2,4,2,2,4,3,4
1138,no,1,1,2,2,1,1,2,2,1,1,2,1,1,2,1,1,1,1,2,1,2,1,2,1,1,1,1,1,4,3,4,4,3,3,4,3,4,3,1,3,4,1,4,1,1,1,2,4,1,2,1,1,2,1,4,1,4,4,2,4,1,1,4,2,4,3,4,4,3,4,1,1,4,1,4,1,1,4,2,4,1,1,4,1,1,1,2,4,2,1,1,3,4,1,1,1,2,4,1,1,2,4,4,1,4,1,3,2,1,4,2,4,1,1,4,4,3
1139,I always waited which is riskier but that way I would possibly have more control over the price or atleast know more before I made a decision.,2,2,2,2,2,2,2,2,2,2,2,2,2,2,2,2,2,2,2,2,2,2,2,2,2,2,2,2,3,1,3,2,2,2,3,3,3,4,3,3,3,2,2,2,3,2,3,3,1,2,1,3,1,3,2,3,1,3,2,3,1,1,3,1,2,1,4,3,2,3,4,1,4,2,4,2,3,3,2,3,1,3,3,2,1,2,3,3,1,1,2,3,4,4,1,2,3,4,1,1,1,4,4,2,4,2,4,4,2,4,1,3,2,2,3,4,3
1140,"The difference between the new and old prices were never higher than 8. If I saw that difference, I chose to commit. There was also a lag so my responses for waiting were sometimes missed, so I chose to commit most of the second half.",1,2,2,2,2,2,2,2,1,2,2,2,1,2,2,2,1,2,2,1,2,1,2,1,2,2,1,1,2,2,3,3,1,4,3,2,3,1,4,3,1,2,4,1,2,1,3,3,1,2,2,1,2,3,2,4,4,3,3,1,2,3,2,3,1,1,3,2,2,2,1,3,2,3,3,1,3,3,2,1,2,1,2,1,3,2,3,4,1,4,2,3,4,1,2,3,2,3,2,3,2,4,2,1,3,2,3,3,1,3,2,2,1,1,1,2,3
1142,"My strategy changed throughout, but for the majority of the process I chose to commit until my commitment rendered the lower option. Once that happen, I switched to choosing. However, the choosing was more challenging than I had anticipated.",1,1,1,2,2,1,2,2,1,1,2,1,1,2,1,1,1,1,2,,2,1,2,1,2,2,1,1,3,2,2,1,2,3,3,2,2,2,2,2,2,2,4,2,2,2,2,1,3,3,2,1,2,3,2,3,3,3,2,1,1,2,2,2,2,4,3,2,2,2,2,2,2,2,2,2,2,3,2,2,4,3,3,2,2,2,2,3,2,2,3,1,3,4,2,2,2,2,2,2,2,2,2,2,3,2,2,2,2,2,3,3,3,3,,2,3
1143,"I chose to wait at first as I did not see the advantage in choosing not knowing how the price in the next period was related to the previous period. As I went on it seemed to me that the buyer which offered the higher price previously would most likely offer a higher price in the current period, so I chose to commit once I made that realization, as the risk of missing when waiting was too high. I still chose to wait when the prices were almost equal, because I thought the prices could drift either way for both of the buyers.",1,2,2,2,2,1,2,2,,,1,2,1,2,2,2,2,2,2,2,2,2,2,2,2,2,2,2,3,2,2,1,1,2,4,4,4,4,2,4,3,2,4,2,1,1,2,4,1,1,1,1,1,2,1,2,3,4,2,4,4,1,4,1,4,3,4,4,2,4,2,2,1,4,4,4,3,4,1,4,3,2,3,4,1,1,4,4,3,1,1,3,4,4,2,4,4,4,4,1,1,4,4,3,4,1,4,4,4,4,1,4,1,4,4,4,4
1144,"I always chose ""wait"" because I felt more in control of where I sell the books",1,2,2,2,2,1,2,2,1,2,2,1,1,2,2,2,1,2,2,1,2,1,2,1,2,2,1,1,4,1,2,2,2,2,4,4,3,4,2,4,3,2,3,1,1,1,1,3,2,3,2,2,3,2,3,1,4,3,2,4,4,2,4,1,1,3,3,4,1,2,3,2,4,1,2,3,2,4,2,4,4,2,4,4,2,2,4,4,3,1,1,4,4,4,1,1,4,4,4,1,1,4,4,4,1,1,4,4,3,4,2,3,1,4,3,3,4
1145,I committed when the difference between the prices was greater than $7 and I waited when the difference was less than $7,1,2,1,2,,,,2,1,2,2,1,1,2,2,2,1,2,2,1,2,1,2,1,2,2,1,1,4,2,3,4,1,3,4,4,3,2,2,4,4,1,2,1,1,2,1,4,1,3,4,1,2,2,2,4,1,4,1,3,2,1,4,1,3,1,4,4,1,4,3,2,4,1,4,4,1,4,1,3,2,2,4,4,1,1,4,4,3,1,1,2,4,4,1,1,4,4,3,1,1,4,4,4,2,2,4,4,4,4,1,4,1,2,1,4,3
1146,if the values were greater than around 20-30 i would wait since the values were added/subtracted from each other and there was a greater chance the values would move a lot more,1,2,1,2,2,1,2,2,1,1,2,1,1,2,1,1,1,2,2,1,2,1,2,1,2,2,1,1,3,1,4,2,1,2,3,4,2,4,3,4,2,1,4,2,2,2,1,4,2,3,2,3,2,3,3,2,2,2,2,3,2,1,4,1,2,2,3,4,3,2,3,2,3,1,1,4,2,3,2,2,3,2,3,1,1,1,2,4,3,4,1,1,4,4,1,1,2,4,2,1,2,2,4,2,2,1,4,1,4,3,1,4,2,1,3,2,4
1147,"Yes, when the difference between the two prices was greater than 10, I usually chose to commit to the higher one but when the difference was less than 10 I usually chose to wait",1,2,2,2,2,1,2,2,1,1,2,1,1,2,1,2,1,1,2,1,2,1,2,1,2,2,1,1,4,1,2,3,1,3,4,2,2,4,3,4,4,2,4,1,2,3,1,3,1,3,1,2,1,3,2,3,4,4,2,3,1,1,2,1,1,2,3,4,1,3,1,1,3,1,3,4,1,3,1,3,2,3,3,2,1,1,2,4,2,1,1,3,4,4,1,1,2,4,2,1,1,3,2,3,4,1,2,2,1,2,3,4,1,4,3,3,3
1148,"If I felt like it was too low, I chose wait",1,1,1,2,1,1,1,2,1,1,2,1,1,1,1,1,1,1,2,1,1,1,1,1,1,1,1,1,3,1,2,4,1,2,3,3,2,2,2,3,3,1,3,1,1,2,1,3,1,3,2,1,1,2,1,2,1,3,1,4,2,2,4,1,3,1,4,4,1,4,4,1,4,1,4,4,1,4,1,4,2,2,4,4,2,2,4,4,2,1,2,4,4,4,1,1,4,4,4,1,1,4,4,4,4,1,1,4,4,4,2,4,2,3,3,4,4
1149,If the values were within 15 points of each other I typically chose to wait,1,1,1,2,1,1,1,2,1,1,2,1,1,2,1,1,1,1,2,1,1,1,2,1,1,1,1,1,3,2,2,1,2,4,2,2,1,2,4,4,2,2,4,4,2,1,2,2,3,2,3,3,2,4,2,4,4,4,4,3,2,3,4,2,2,4,2,4,3,2,3,3,4,2,2,4,1,4,2,2,2,4,3,3,3,3,1,4,2,4,2,2,4,3,3,3,2,4,2,4,1,2,4,2,1,2,4,3,3,3,4,4,1,2,2,3,3
1150,"First half: if difference < ~10, wait. Second half: commit based on previous year b/c change didn't seem drastic and ""hitting"" was inconsistent",1,2,1,2,2,1,2,2,1,2,2,1,1,2,2,2,1,2,2,1,2,1,2,1,2,2,1,1,3,2,2,2,1,2,4,3,2,3,3,4,4,2,3,1,1,2,1,3,2,3,1,1,2,3,1,2,2,4,1,4,2,2,4,1,2,2,3,4,1,4,2,2,4,1,3,2,1,4,2,1,4,3,4,4,2,1,3,4,4,2,1,1,4,3,2,1,4,4,4,2,1,3,4,3,1,1,4,3,3,4,3,4,1,3,1,1,4
1151,"Yes, Always wait",2,2,2,2,2,2,2,2,2,2,2,2,2,2,2,2,2,2,2,2,2,2,2,2,2,2,2,2,4,2,2,3,2,1,3,4,2,3,2,4,4,2,4,1,1,3,2,3,3,2,1,3,2,3,2,1,4,4,3,4,1,1,3,1,1,1,3,4,1,2,3,1,4,1,2,1,2,4,2,3,2,2,4,1,2,1,4,4,1,2,2,4,4,4,1,1,3,4,1,2,1,4,4,2,3,2,4,4,1,4,3,4,1,3,2,2,4
1152,"If the values were above 25 or so, I choose to commit. If lower, I chose to wait.",1,2,2,2,2,1,2,2,1,2,2,1,1,2,2,1,1,1,2,1,2,1,2,1,2,2,1,1,3,2,2,2,1,1,4,4,3,4,1,4,4,1,3,1,1,1,1,4,1,1,3,1,1,2,3,1,4,3,1,4,2,1,4,1,2,2,3,4,4,4,2,1,4,1,3,4,3,4,1,4,3,1,4,4,2,1,4,4,4,2,1,4,4,4,1,1,4,4,4,1,1,4,4,2,3,1,4,4,3,4,1,4,1,4,4,4,4
1153,"yes; the closer the prices were, the more i would wait ",1,2,2,2,2,1,2,2,1,1,2,1,1,2,2,1,1,1,2,1,1,1,2,1,2,2,1,1,4,2,2,1,2,4,1,3,3,3,2,3,3,2,2,2,2,2,2,3,3,2,1,2,2,3,2,2,3,3,1,2,3,2,4,1,2,1,4,3,1,3,3,1,3,1,1,1,1,3,1,2,3,2,3,1,1,2,3,3,2,2,2,3,4,1,1,1,3,4,2,1,1,3,3,1,2,1,3,3,4,3,2,2,1,1,1,2,2
1154,"Yes, waited if prices were similar.",1,2,2,2,2,2,2,2,1,2,2,2,1,2,2,2,2,2,2,1,2,2,2,2,2,2,1,2,4,1,2,2,1,2,4,4,4,4,4,4,4,1,4,2,,1,1,4,2,1,2,2,1,1,2,1,4,4,1,4,3,1,4,1,4,3,4,4,1,4,3,1,4,1,4,2,1,4,2,4,4,1,4,4,1,1,4,4,3,1,1,4,4,3,1,1,4,4,4,1,1,4,4,4,4,1,4,4,2,4,1,4,1,4,4,4,4
1156,"If price differs large, then commit, otherwise wait",1,2,2,2,2,1,2,2,1,2,2,2,1,2,2,2,2,2,2,1,2,2,2,2,2,2,2,2,4,1,2,2,1,2,4,3,3,3,2,3,3,1,4,2,1,1,1,3,2,2,3,2,1,1,2,2,3,4,1,3,1,1,3,2,3,4,3,3,1,3,4,1,3,1,2,3,1,4,2,2,3,1,3,4,1,2,4,4,1,1,1,4,2,1,1,2,3,3,3,1,1,4,3,4,3,1,4,4,4,3,2,3,1,4,4,4,4
1057,"Yes, 100% committed",1,2,2,2,2,1,2,2,1,2,2,2,1,2,2,2,1,2,2,1,2,2,2,1,2,2,1,1,2,2,3,3,2,3,2,3,3,4,,3,3,3,3,2,3,2,3,4,1,1,1,3,1,2,4,1,3,2,4,3,1,1,3,3,2,1,4,3,2,1,1,2,3,2,2,1,1,3,3,3,2,2,2,1,1,1,1,2,2,2,3,3,2,1,2,3,3,2,2,2,4,2,1,1,2,3,1,4,1,2,2,1,2,2,1,2,1
1158,Always commited,1,1,2,2,1,1,2,2,1,1,2,1,1,2,1,1,1,1,2,1,2,1,2,1,2,2,1,1,2,2,2,2,2,2,3,3,3,3,2,3,3,2,2,2,2,1,2,3,1,2,1,3,1,3,3,1,4,2,3,2,2,1,4,2,2,4,3,4,2,3,4,3,4,2,4,4,3,4,2,4,3,2,4,2,2,2,3,4,2,1,2,3,4,4,1,2,3,4,3,1,2,3,4,3,2,3,2,3,2,3,3,4,2,4,2,3,4
1159,"If the values were numerically close, I chose to wait. If there was a significant difference between the two values, I committed to the higher one. ",1,2,1,2,1,1,2,2,1,1,2,1,1,2,1,1,1,1,2,1,1,1,2,1,1,1,1,1,4,2,2,2,1,3,4,4,3,4,2,3,3,2,1,1,2,2,2,4,2,3,2,2,3,4,2,2,2,4,2,3,2,2,3,1,1,3,3,4,3,1,4,1,3,2,3,1,2,2,1,2,2,2,3,1,2,2,2,4,2,3,3,2,4,2,1,2,1,4,2,2,1,3,4,1,2,2,3,3,1,3,3,4,2,1,2,3,3
1160,"If the values were close to each other, then I waited, if not thenI committed to the higher pricer",1,2,1,2,2,1,2,2,1,2,2,1,1,2,2,2,1,1,2,1,2,1,2,1,2,2,1,2,3,2,2,2,2,2,3,3,2,2,2,3,3,2,3,2,2,2,2,3,3,2,2,2,3,2,2,2,3,3,1,3,2,2,3,1,3,3,3,3,3,3,2,3,3,2,3,2,2,3,2,3,3,3,3,3,2,2,3,3,3,2,1,3,3,3,2,1,2,3,3,3,2,2,3,3,3,2,3,3,3,3,3,3,1,3,3,2,3
1161,"yes, i waited each time in order to see the next day's prices",1,1,1,2,1,1,1,2,1,1,2,1,1,1,,1,1,1,2,1,2,1,2,,1,1,1,1,4,1,3,1,1,3,3,3,3,3,3,4,4,2,3,1,1,2,2,4,2,2,2,2,1,3,1,3,1,3,1,4,3,1,4,1,3,3,3,3,2,3,4,1,3,1,3,3,3,3,2,3,3,2,4,3,1,1,3,3,3,2,2,3,4,4,1,1,3,3,4,1,1,4,4,3,3,1,4,3,3,4,2,4,1,4,4,4,4
1162,time it took and predictability,1,2,2,2,2,1,2,2,1,1,2,1,1,2,2,2,1,2,2,1,2,1,2,1,2,2,1,1,4,2,2,4,2,2,4,3,4,4,2,4,4,2,4,1,2,2,2,3,2,2,4,1,2,3,2,2,3,4,1,3,2,1,4,1,3,3,4,4,4,4,3,1,4,1,3,2,1,4,1,4,4,1,4,4,1,1,4,4,3,1,1,2,4,4,1,2,3,4,3,1,1,4,4,3,3,1,4,3,2,4,3,4,1,2,3,4,4
1063,Usually avoided choosing to wait if the difference between the two original prices was already significant,1,2,1,2,1,1,2,2,1,2,2,1,1,2,1,1,1,1,2,1,1,1,2,1,2,2,1,1,4,2,3,2,1,1,1,2,2,2,1,4,2,1,4,1,2,1,2,3,1,2,2,1,1,4,3,1,4,4,2,4,3,1,4,1,2,2,4,4,4,4,2,1,4,2,4,1,1,4,1,4,3,2,4,2,1,1,4,4,2,1,1,4,4,3,1,1,4,4,2,1,2,4,4,3,4,1,4,4,1,4,2,4,1,2,2,4,4
1164,No,1,2,1,2,2,1,2,2,1,1,2,1,1,2,1,1,1,2,2,1,2,1,2,1,2,2,1,1,3,1,1,2,2,3,3,3,2,2,1,4,3,1,3,1,1,2,1,4,1,3,1,1,2,2,2,3,4,4,1,4,1,1,4,1,3,1,3,4,4,2,2,1,4,1,4,1,2,4,1,4,2,2,4,1,2,2,4,4,1,2,1,3,4,1,2,1,4,4,2,2,1,4,4,1,3,1,4,4,1,4,2,4,1,1,2,4,4
1165,"Yes - I'd wait for new prices if the difference was 1-7, and always committed when greater than 10",1,1,1,2,1,1,1,2,1,1,2,1,1,1,1,1,1,1,2,1,1,1,2,1,1,1,1,1,4,1,3,3,3,2,4,3,2,3,1,3,3,1,4,2,2,2,2,3,2,1,2,2,1,2,2,2,3,4,1,3,2,1,3,1,2,2,3,3,1,3,1,1,3,1,3,2,2,4,1,4,2,3,4,2,1,1,4,4,3,1,1,4,4,4,1,1,4,4,3,1,1,4,4,2,3,1,4,4,1,4,1,4,1,2,3,4,3
1166,"not really, only when the prices were close I r",1,2,2,2,2,1,2,2,1,2,2,1,1,2,,2,1,2,2,1,2,1,2,1,2,2,1,1,4,1,3,3,1,1,3,4,3,2,1,3,4,1,2,1,2,1,1,4,1,3,2,2,2,1,2,1,1,4,1,4,2,1,4,2,2,2,4,4,1,4,3,1,4,1,3,2,1,4,1,4,4,2,4,4,1,1,4,4,4,1,1,4,4,4,1,1,3,4,4,1,1,4,4,4,3,1,4,4,1,4,1,4,1,4,2,4,4
1167,"Yes, I waited more often because I thought I had a higher change of successfully hitting the space bar over trying to guess.",2,2,2,2,2,2,2,2,2,2,2,2,2,2,2,2,2,2,2,2,2,2,2,2,2,2,2,2,2,2,3,2,3,4,1,1,1,1,2,4,2,4,4,4,4,4,4,1,3,4,3,4,4,3,1,2,3,4,4,1,1,3,1,4,1,1,4,2,4,2,1,2,3,4,1,1,3,1,2,3,1,4,1,3,3,3,2,3,1,3,4,2,2,1,1,4,1,1,1,2,4,3,1,2,2,4,1,2,1,1,4,3,4,2,1,1,1
1168,"I waited because I knew that it would give me more information to make a decision each round, even if it was a gamble.",2,2,2,2,2,2,2,2,2,2,2,2,2,2,2,2,2,2,2,2,2,2,2,2,2,2,2,2,4,1,2,2,2,2,4,4,3,4,2,4,3,1,4,2,1,2,1,3,1,1,2,2,1,3,2,2,4,4,1,4,2,1,4,1,4,3,4,4,1,3,3,1,4,1,4,1,1,4,2,3,2,2,4,1,2,1,4,4,1,3,2,4,4,1,1,1,2,4,1,1,1,4,4,1,1,1,4,4,1,4,2,4,1,1,2,4,2
1169,I did not use a defined strategy,1,2,2,2,1,1,2,2,2,2,2,2,1,2,2,1,1,2,2,1,2,1,2,2,2,2,1,2,4,2,2,2,1,4,2,1,1,1,2,3,2,2,3,1,3,2,2,2,1,3,2,1,3,4,1,2,1,4,3,1,1,2,3,2,2,1,3,2,3,2,3,1,3,2,3,2,1,3,2,2,2,4,3,2,2,1,2,3,1,2,2,2,3,3,2,3,2,3,3,2,2,3,3,2,2,2,3,2,2,3,3,3,2,2,2,2,3
1170,"Looked at the prices, if the difference was too high then commit, if not, then wait",1,2,1,2,1,1,,2,1,2,2,1,1,2,1,2,,1,2,1,2,1,2,1,2,2,2,1,4,2,3,2,2,3,3,3,3,4,1,3,4,2,3,2,3,2,2,1,1,1,1,1,1,2,2,2,1,4,3,3,3,2,3,3,3,4,4,2,4,3,3,1,2,1,4,1,3,3,4,4,3,2,3,4,3,2,3,4,3,2,2,3,4,4,1,2,2,4,4,1,2,4,4,2,4,1,3,4,2,4,2,4,2,4,4,4,4
1171,Closer values I waited,1,2,2,2,2,1,2,2,1,2,2,1,1,2,2,1,1,2,2,1,2,1,2,1,2,2,1,1,3,1,2,3,1,1,3,3,3,3,1,3,3,1,2,2,1,2,2,3,1,1,2,2,1,1,2,1,3,3,2,3,1,1,4,1,3,3,3,4,2,4,2,2,4,2,3,2,2,4,2,4,2,2,3,3,2,2,4,4,2,2,2,4,4,3,2,2,4,4,4,2,2,4,4,3,3,3,4,4,2,3,2,4,2,3,3,4,4
1172,"If there was a difference of 10 between the initial listings, I would commit to the higher number",1,2,1,2,2,1,2,2,1,1,2,1,,2,2,1,1,1,2,1,2,1,2,1,2,2,1,1,4,1,2,4,1,3,4,4,4,4,3,4,2,2,4,2,1,4,1,3,2,1,2,2,1,4,2,2,3,4,4,1,3,4,1,4,2,2,3,1,4,1,4,4,1,3,1,4,4,1,4,3,1,4,1,4,4,4,2,1,3,2,4,1,1,1,4,4,2,1,1,4,4,1,1,2,2,4,1,1,4,1,4,1,3,1,3,1,2
1173,"Yes, if prices were lower I chose to wait and if prices were at a sufficient amount I committed. ",1,2,1,2,2,1,2,2,1,1,2,1,1,2,2,1,1,2,2,1,2,2,2,1,2,2,1,1,3,1,3,2,1,2,4,2,1,2,1,3,3,1,2,2,1,1,1,2,2,2,1,1,2,1,1,3,3,4,2,4,1,2,2,1,3,2,3,4,1,3,2,2,4,2,3,3,4,4,4,4,4,2,4,4,2,1,4,4,4,1,1,4,4,4,2,2,3,4,4,2,2,4,4,4,4,2,4,4,4,4,2,4,2,4,4,4,4
1174,"Yes, wait when difference in prices was low",1,2,1,2,2,1,2,2,1,1,2,1,1,2,1,1,1,2,2,1,2,1,2,1,2,2,1,1,4,2,2,2,1,2,3,4,2,3,1,4,3,2,4,1,2,1,2,3,1,3,3,2,1,3,1,1,4,3,2,3,2,1,4,1,2,2,3,4,2,3,2,2,4,1,2,2,1,4,3,3,2,2,4,4,2,1,2,4,2,2,1,2,4,3,2,1,3,4,4,2,1,1,4,3,2,1,4,1,1,4,2,4,1,2,4,1,4
1175,"I chose to wait every time because even if I missed the white box, I still had a chance of getting the most points",1,2,2,2,,,2,2,1,2,2,2,1,2,2,2,1,2,2,1,2,2,2,2,2,2,1,2,3,1,3,2,3,4,2,3,1,2,4,4,4,1,4,1,1,2,2,4,2,2,4,2,1,4,1,4,4,4,1,3,1,2,4,1,3,1,2,4,1,4,1,2,4,1,2,2,1,4,1,2,3,4,,4,2,1,4,4,1,3,1,3,4,4,2,2,4,4,3,,1,4,4,2,4,1,4,4,3,4,2,2,1,1,1,4,3
1176,"When the price is high and the price difference is high, I will prefer to choose to commit with a higher price. When both prices are no high, I choose randomly. ",1,1,1,2,1,1,2,2,1,1,2,1,1,2,1,1,1,1,2,1,1,1,2,1,1,1,1,1,3,2,3,2,2,3,4,3,2,4,2,3,2,1,2,1,2,3,1,2,3,2,4,4,4,3,1,2,2,2,1,3,2,1,3,1,3,4,3,1,1,3,1,1,3,1,4,3,3,4,1,3,1,3,3,3,2,3,2,4,1,2,1,4,4,1,2,1,3,4,2,3,2,4,4,1,3,1,4,2,3,1,2,4,1,1,3,3,1
1177,I went with my intiution and also sometimes if the color of the book was orange i picked the orange logo vice versa.,1,2,1,2,2,1,2,2,1,2,2,1,1,2,2,2,1,2,2,1,2,1,2,1,2,2,1,1,2,2,1,2,2,2,4,4,2,1,1,3,1,1,3,1,1,2,1,2,2,2,3,4,1,2,4,2,4,3,2,4,1,1,4,4,3,1,4,4,1,2,1,2,4,2,4,1,2,4,2,3,1,3,4,1,2,1,4,4,1,1,1,4,4,4,2,2,3,4,1,2,2,4,4,1,4,2,4,4,1,4,3,4,2,2,2,3,3
1178,Usually I chose to commit since it seemed like a more sure way to make money. ,1,2,1,2,2,1,2,2,1,2,2,1,1,2,1,1,1,2,2,1,2,1,2,1,,2,1,1,3,1,3,4,2,2,4,4,4,3,2,3,4,2,3,2,2,2,3,3,2,3,2,1,1,3,3,1,4,2,1,4,1,1,3,2,4,2,3,4,4,4,3,1,4,1,4,1,2,4,1,4,2,1,4,1,1,1,2,4,3,1,1,2,4,3,1,1,4,4,2,1,1,3,4,2,4,1,4,2,1,4,2,3,3,3,2,2,2
1179,No,1,2,1,2,1,1,2,2,1,1,2,1,1,2,1,1,1,2,2,1,2,1,2,1,2,2,1,1,4,3,2,1,1,4,4,2,1,1,4,2,2,3,3,2,4,4,3,3,4,4,2,3,4,4,3,4,3,2,2,1,1,1,2,3,2,1,3,2,3,2,4,1,2,2,1,2,2,2,3,1,2,4,1,2,3,2,1,2,1,2,2,3,2,4,1,2,3,2,2,2,1,2,3,4,1,2,3,4,1,2,3,2,3,4,1,1,1
1180,"Towards the end, I chose commit when there was a large difference between the two book prices (more than $10ish, I think. However, at the beginning, I ALWAYS chose to wait because I wasn't sure if there were exceptions built into the game (for example, if $22 & $23 differences might become a $1 and $100 difference after waiting).",1,2,2,2,2,2,2,2,1,2,2,2,1,2,2,2,2,2,2,1,2,2,2,2,2,2,2,2,4,2,2,3,1,2,3,4,4,3,1,3,4,2,4,1,2,1,1,3,1,2,1,1,2,2,2,1,2,4,1,3,3,1,4,1,4,3,4,4,2,4,4,1,4,1,4,2,1,4,3,4,4,1,4,4,1,1,4,4,4,1,1,4,4,4,1,1,4,4,4,1,1,4,4,4,4,1,4,4,2,4,1,4,1,4,4,4,4
1181,I clicked the one with the highest number each time and committed to it near the end.,1,2,1,2,2,1,2,2,1,1,2,1,1,2,1,1,1,1,2,1,2,1,2,1,2,2,1,1,2,2,3,3,1,1,2,3,2,2,2,3,3,1,2,1,1,1,2,3,1,1,3,3,3,2,3,3,4,3,3,2,2,2,4,3,3,2,2,4,2,3,3,2,4,1,2,2,2,4,3,2,2,3,4,1,2,2,2,2,2,3,2,2,4,3,2,2,3,4,2,2,2,4,4,3,3,3,4,2,1,4,2,3,2,4,2,4,3
1182,no,1,2,2,2,2,1,,2,1,2,,,2,2,2,2,1,2,2,1,2,2,2,2,2,2,2,2,4,1,3,3,1,1,4,4,4,4,1,4,4,1,2,1,1,1,1,3,1,1,1,1,1,1,1,1,3,4,1,4,2,1,4,1,4,2,4,4,4,4,3,1,4,1,,4,2,4,,4,3,1,4,4,1,1,4,4,4,1,,4,4,4,1,1,4,4,4,1,1,4,4,4,4,1,4,4,4,4,1,4,1,4,4,4,4
1183,if the prices were low I would wait and if they were high or as high as I thought they would get I would commit ,1,1,1,2,1,1,1,2,1,1,2,1,1,1,1,1,1,1,2,1,1,1,1,1,1,1,1,1,3,2,2,3,2,2,3,3,3,2,1,4,3,2,2,1,1,1,2,2,1,2,2,1,2,1,2,1,3,3,2,3,2,2,4,2,3,3,3,3,2,3,2,2,3,2,3,1,2,4,2,3,2,2,3,3,2,2,3,3,2,2,2,3,3,3,2,2,2,3,3,2,2,2,3,3,2,2,3,2,2,3,2,3,3,3,3,2,3
1184,commit,1,2,1,2,2,1,2,2,1,1,2,1,1,2,2,,1,1,2,1,1,1,2,1,2,2,1,1,2,3,3,3,3,4,4,2,3,3,2,3,3,3,3,3,3,3,3,2,2,1,2,2,2,2,3,2,3,3,2,3,2,2,3,4,1,2,3,2,3,2,2,4,2,3,2,4,2,3,4,3,2,3,2,3,3,3,2,3,3,2,1,3,3,4,3,3,3,2,2,4,2,2,3,2,3,3,2,3,4,3,2,2,2,2,3,3,4
1185,"Eventually I realized that if the numbers were for example, 65 and 64, the one that did better and got more points was usually the 64 point option when the new values were shown",1,2,1,2,1,1,2,2,1,1,2,1,1,2,1,1,1,2,2,1,2,1,2,1,2,2,1,1,4,1,4,2,1,2,3,3,3,4,1,3,4,2,3,1,2,2,2,3,1,1,1,1,1,2,2,2,2,2,3,4,1,2,4,2,4,1,4,4,3,3,1,1,4,2,4,2,2,4,2,4,2,2,4,1,1,2,4,4,1,1,2,3,4,2,1,2,4,4,2,1,2,4,4,2,3,2,4,3,3,4,3,4,2,1,3,4,4
1186,Comparison of ratios for cumulative gain/loss,1,2,1,2,2,1,2,2,1,1,2,1,1,2,1,1,1,2,2,1,2,1,2,1,2,2,1,1,3,2,4,3,1,1,2,3,3,3,1,4,4,2,4,2,2,1,2,3,2,2,1,1,1,2,2,1,3,4,3,3,2,1,3,1,3,1,4,3,3,3,3,3,3,2,3,1,3,3,2,3,2,1,3,1,1,1,4,4,1,1,1,3,3,1,1,4,4,4,1,1,2,3,3,1,3,2,4,3,1,3,1,4,1,1,3,3,2
1187,"yes, commit when it's an older book",2,2,2,2,2,2,2,2,2,2,2,2,2,2,2,2,2,2,2,2,2,2,2,2,2,2,2,2,4,1,4,4,2,2,4,3,3,4,3,4,4,1,4,1,2,2,2,3,3,2,2,2,1,2,2,2,4,4,1,4,2,1,4,2,2,2,3,4,4,2,2,3,4,1,4,4,3,4,3,3,3,3,4,4,1,1,3,4,2,2,1,3,4,4,1,1,3,4,2,2,2,4,4,4,3,1,4,2,4,4,3,4,1,4,2,3,4
1188,"yes, commit and higher price",1,2,1,2,2,1,2,2,1,2,2,1,1,2,1,1,1,2,2,1,2,1,2,1,2,2,1,1,4,2,4,4,2,1,3,4,4,3,1,4,3,1,4,1,1,1,2,4,3,2,1,1,1,1,2,1,4,4,2,4,2,2,4,1,4,4,4,4,1,4,1,2,4,2,4,1,2,4,2,4,1,1,4,2,2,1,3,4,2,1,1,4,4,2,2,1,4,4,4,2,1,4,4,4,4,1,4,4,1,4,1,4,1,1,2,4,4
1189,"I chose to wait for the majority of the time because it was fun and more engaging to try to hit the white square, but afterwards I started to commit if the point values were relatively low and close enough that it wouldn't make much of a difference, or if one point value was drastically higher than the other, it still seemed like the better deal even if it would go down just a few points.",1,2,2,2,2,1,2,2,1,2,2,2,1,2,2,2,1,2,2,1,2,1,2,1,2,2,1,2,2,3,3,4,2,3,2,2,2,2,3,3,3,2,3,3,3,2,3,3,1,2,2,3,2,3,2,3,4,3,3,2,2,2,4,2,3,2,3,3,2,2,3,1,3,2,3,3,2,3,3,2,3,3,3,2,2,3,3,4,2,2,2,3,3,1,2,3,2,3,2,2,1,3,3,2,3,3,3,4,2,3,3,3,2,1,2,2,3
1190,Not really. I felt like if the gap was pretty big I would commit but if it was smaller I would risk it and wait to commit.,1,2,2,2,2,1,2,2,1,2,2,1,1,2,2,2,1,2,2,1,2,1,2,1,2,2,1,1,3,2,3,3,1,2,2,3,3,2,1,3,3,4,3,3,2,2,1,4,2,2,1,2,2,3,2,1,3,4,2,3,2,2,2,2,3,2,3,2,4,2,3,4,3,2,4,1,2,4,3,3,3,1,3,1,2,1,4,4,2,2,2,4,4,1,2,3,4,4,1,2,1,4,4,1,4,2,3,4,1,3,2,4,2,2,2,2,4
1191,"Yes. Waited if both prices were <50. Otherwise, committed, unless both prices were >75.",1,1,1,2,1,1,2,2,1,1,2,1,1,1,1,1,1,1,2,1,1,1,1,1,1,1,1,1,4,1,3,2,2,1,4,4,3,3,2,4,4,1,4,2,1,1,1,4,3,2,2,1,3,3,2,3,3,3,2,4,2,2,4,1,4,1,4,4,1,4,3,1,4,4,4,1,2,4,1,4,3,2,4,1,1,1,2,4,2,2,1,3,3,1,1,1,3,4,3,1,1,3,3,1,4,1,1,3,1,4,2,1,1,1,1,3,1
1192,"Yes. I always chose to wait for the new value, and then I tried to hit the spacebar right when I saw the white square. I tried a few tricks (repeatedly pressing the spacebar, holding down the spacebar, etc.) but none seemed to work, so I just tried to hit the spacebar right when I saw the white square. I figured that the probability of me hitting the white square on time, plus the 50% probability that if I missed it, the higher value would be chosen anyways, was likely higher than the probability that last year's higher value would still be this year's highest value.",1,2,2,2,2,1,2,2,1,2,2,1,1,2,2,2,1,2,2,1,2,1,2,1,2,2,1,1,3,2,2,3,3,3,3,2,1,3,2,4,1,3,3,3,3,1,3,2,3,3,1,3,3,4,2,2,4,3,3,2,1,2,3,2,1,1,3,3,3,2,3,1,3,1,2,2,2,3,2,2,2,4,3,3,2,2,2,3,1,4,2,2,4,4,3,2,2,3,2,3,3,2,2,2,1,2,3,2,3,3,3,3,2,4,2,2,3
1193,I gauged the popularity of books vs the already available prices in both the bookstores and estimated wether it would increase or not based on the longevity of the book i.e classics vs topical books,1,2,1,2,1,1,1,2,1,1,2,1,1,2,1,1,1,1,2,1,1,1,2,1,2,2,1,1,3,1,1,3,2,3,3,4,3,3,2,3,4,1,2,1,1,2,1,2,1,1,4,3,1,2,2,1,4,4,2,3,2,2,4,2,2,2,2,3,2,3,4,1,3,1,2,3,2,3,1,2,3,2,3,3,2,2,3,3,3,2,2,3,3,4,3,1,3,3,3,2,1,4,3,3,2,2,3,3,2,3,1,3,1,4,2,4,3
1194,"Sometimes, if both numbers were really low, I would just commit because the values did not really change when I chose to wait. Then I waited if the numbers were high values and close to each other.",1,2,1,2,1,1,2,2,1,1,2,1,1,2,2,2,1,1,2,1,2,1,2,1,2,2,1,1,3,4,2,4,3,4,2,2,2,2,2,4,3,3,3,4,2,2,3,3,2,3,2,2,2,3,2,2,3,4,2,3,1,1,4,1,1,1,4,3,2,1,2,1,3,2,4,4,1,3,2,4,1,2,2,3,1,2,2,4,2,1,1,4,4,4,1,1,2,2,2,1,2,2,4,3,1,2,3,2,4,3,2,2,2,2,1,2,2
1195,"If there was a difference of 5 dollars in the prices, then I committed to the lower priced book to expect a higher gain",1,2,2,2,2,1,2,2,1,2,2,2,1,2,2,2,1,2,2,1,2,1,2,1,2,2,1,2,3,2,2,1,2,2,4,3,3,4,2,4,3,3,4,1,3,2,3,3,1,1,1,1,1,2,2,2,3,4,1,3,1,2,4,1,3,1,3,2,3,2,3,3,3,2,3,2,2,3,2,2,2,3,3,2,2,1,4,3,1,2,1,2,4,1,1,2,2,3,2,2,1,2,3,2,2,2,3,2,3,3,2,3,2,2,2,2,3
1196,"for the first half, wait for all of them. for the second half, if there difference was more than 15 points or 30-50% if a low value (<20), then commit",1,2,2,2,2,2,2,2,2,2,2,2,1,2,2,2,2,2,2,2,2,2,2,2,2,2,2,2,4,1,2,1,2,2,4,3,3,4,1,3,4,2,4,2,2,2,1,4,2,1,2,1,1,2,1,1,3,4,1,4,2,1,4,1,4,3,4,4,1,4,3,1,4,1,3,3,2,4,1,4,3,1,4,4,1,2,3,4,3,2,2,3,4,4,1,1,4,4,3,1,1,4,4,3,4,1,4,4,2,4,2,4,2,4,3,4,4
1197,"yes, commit if the price difference is greater than 3",1,2,2,2,2,1,2,2,1,2,2,2,1,2,2,2,1,2,2,1,2,2,2,2,2,2,1,2,3,3,4,3,3,3,3,2,2,2,4,3,3,3,2,2,3,2,3,2,2,3,4,3,2,3,3,3,3,2,3,2,2,4,2,3,2,2,2,3,3,3,3,3,3,2,2,1,2,2,1,2,2,3,2,1,3,3,2,3,2,3,2,3,2,2,4,3,2,2,3,3,3,2,2,1,1,3,2,2,1,2,3,1,3,2,1,2,2
1198,"For the most part, it was random. At first, I waited if the two ""old"" prices were similar, since it was harder to make a choice.",2,2,2,2,2,1,2,2,1,2,2,2,1,2,2,2,1,1,2,1,2,1,2,1,2,2,1,1,3,2,2,2,2,3,3,3,2,2,3,3,3,2,3,1,3,2,3,3,1,4,2,2,2,3,3,2,3,3,2,2,3,1,3,2,3,2,3,4,1,2,4,1,4,2,2,4,2,4,2,2,3,3,4,2,2,2,2,4,3,1,2,2,4,4,1,2,3,4,3,1,2,3,4,2,3,2,4,2,1,4,2,3,2,4,2,2,1
1199,"If the price of one seller was >40 I would wait, anything lower and I would commit",2,2,2,,2,1,2,2,1,2,2,1,1,2,2,1,1,2,2,,2,1,2,1,2,2,1,1,4,2,3,3,1,2,4,3,2,3,2,3,3,2,3,2,2,3,2,2,4,3,2,3,3,3,2,2,2,3,2,2,2,4,2,2,2,2,4,4,3,2,3,2,4,2,3,2,2,4,2,3,2,3,4,2,2,2,4,4,2,2,2,4,4,1,2,2,3,4,3,2,2,4,4,3,2,2,4,4,3,4,2,4,2,2,2,3,4
1200,I waited when the two values are pretty much the same.,1,2,1,2,1,1,2,2,1,1,2,1,1,2,1,1,1,1,2,1,1,1,2,1,1,1,1,1,4,1,3,2,1,2,3,4,3,4,1,4,4,1,4,1,2,2,2,3,1,2,2,3,1,2,2,1,2,3,2,3,1,2,2,1,2,1,3,3,3,2,4,1,4,2,1,3,2,4,1,3,1,2,3,4,2,1,4,3,1,1,1,4,2,4,1,1,2,3,4,1,2,4,3,4,2,1,3,4,3,3,3,2,1,4,2,1,2